id	x	y
M_cpd00938_c0	-12127.139998370181	1331.3434793208287
R_rxn02483_LSQBKT_c0_RSQBKT_	-1493.527813035636	177.17412815924922
M_cpd02255_c0	-12102.04177017488	1542.9144477068214
M_cpd02152_c0	13492.281784848532	-3010.200697336397
R_rxn00802_LSQBKT_c0_RSQBKT_	12667.115283709107	-2975.9594065146734
M_cpd00106_c0	13248.438255207973	-3947.3864515577798
M_cpd00051_c0	11876.637447068175	-2790.2478296556264
M_cpd03671_c0	675.6443958268301	-15433.217702423166
R_rxn03638_LSQBKT_c0_RSQBKT_	720.2396211985498	-14618.267711601666
M_cpd02611_c0	1947.983235941313	-13686.063616412559
M_cpd00790_c0	8043.843530788168	-13188.528547650696
R_rxn06078_LSQBKT_c0_RSQBKT_	7503.9496030084365	-12565.955449368326
M_cpd00268_c0	7795.997053881901	-13336.53380514835
M_cpd11421_c0	4977.949187533181	-12896.627384178304
M_cpd11420_c0	5082.9145147599875	-12855.619628615426
M_cpd00135_c0	8701.01398130966	-10742.221916207738
M_cpd00081_c0	8321.241160492114	-13015.285227336812
M_cpd00029_c0	11076.628801303434	-10767.961664035363
M_cpd11590_c0	11720.258067843642	-7330.656643381
R_rxn12636_LSQBKT_c0_RSQBKT_	11182.01204664316	-6653.927455926104
M_cpd00060_c0	11222.266986431108	-4785.4700589658305
M_cpd11582_c0	13396.874857965746	3409.797653821308
R_rxn12644_LSQBKT_c0_RSQBKT_	12609.963516482225	3209.5115069099293
M_cpd00161_c0	11885.194622176881	2753.5701903125273
M_cpd03760_c0	12008.761788709175	5010.168091195983
R_rxn03492_LSQBKT_c0_RSQBKT_	12758.15577675343	5322.822294243258
M_cpd03761_c0	13507.549764797684	5635.476497290535
M_cpd00254_c0	5073.681521111099	-11094.942803923586
R_rxn05616_LSQBKT_c0_RSQBKT_	5490.329807843972	-11796.96666949178
M_cpd00254_e0	5274.561256639895	-12778.18373439486
M_cpd02857_c0	-1089.3094591677236	-18367.727265564667
R_rxn02212_LSQBKT_c0_RSQBKT_	-1132.8818375344242	-19102.436356187256
M_cpd00699_c0	-1389.2679498876257	-18347.477607655364
M_cpd03518_c0	11635.850151251807	7463.9109893951245
R_rxn03419_LSQBKT_c0_RSQBKT_	10952.378629057328	7025.4926066268345
M_cpd03519_c0	10268.90710686285	6587.074223858544
R_rxn03052_LSQBKT_c0_RSQBKT_	11212.56768653071	-6602.307920338716
M_cpd02738_c0	11986.548531038907	-6886.6269183867535
M_cpd02555_c0	11771.001163703451	-7248.896992239024
M_cpd00130_c0	15066.76271666634	-3410.771941903052
R_rxn00248_LSQBKT_c0_RSQBKT_	15795.37125668617	-3543.6691244319577
M_cpd00032_c0	15875.589174681054	-5864.080862057561
M_cpd00227_c0	15380.949067912967	1437.7446818775747
R_rxn01302_LSQBKT_c0_RSQBKT_	16160.466873689458	943.7448937004568
M_cpd00346_c0	11730.933583643178	-10051.164174171698
M_cpd02656_c0	13812.482738218761	-564.177814530796
R_rxn00048_LSQBKT_c0_RSQBKT_	12991.494577366127	-730.2141098790811
M_cpd02882_c0	13816.075224136559	-468.0185904426971
M_cpd00220_c0	12180.774196423821	-684.6458761546871
M_cpd02140_c0	13353.573111376563	-12658.67627989281
R_rxn05229_LSQBKT_c0_RSQBKT_	12816.527236245114	-12149.577342549295
M_cpd00242_c0	16885.770161969747	1136.9001878494814
M_cpd02893_c0	12007.297241104596	-11926.717442941372
M_cpd11589_c0	-1190.9754630150705	918.473432656622
R_rxn12637_LSQBKT_c0_RSQBKT_	-9660.838197329695	7450.382897879514
M_cpd00039_c0	11973.642313703755	2339.207075802188
R_rxn00321_LSQBKT_c0_RSQBKT_	12752.268319928007	2586.8507294701985
M_cpd00840_c0	13811.09024382734	597.2958034820474
M_cpd08371_c0	17736.98906724134	4894.815505058515
R_rxn07586_LSQBKT_c0_RSQBKT_	18446.46862993099	5090.608125260855
M_cpd14960_c0	19172.547123767858	5241.069813206157
M_cpd00071_c0	19146.948726222698	5333.828875713859
M_cpd00123_c0	4764.872275938681	-12976.862802464659
R_rxn00902_LSQBKT_c0_RSQBKT_	5074.079126127769	-13728.299859115637
M_cpd01646_c0	4199.403056749691	-14866.26106211516
R_rxn00952_LSQBKT_c0_RSQBKT_	10494.403103047453	-10201.960571907144
M_cpd00239_c0	9991.60617223739	-9553.574310115962
M_cpd15687_c0	-1442.8859204763994	424.377450497754
R_rxn10230_LSQBKT_c0_RSQBKT_	-11715.583637371998	3403.689180248621
M_cpd15693_c0	-12495.342154875772	3630.229804376644
M_cpd00557_c0	12199.843439540462	-61.80655872587543
R_rxn02056_LSQBKT_c0_RSQBKT_	13011.833019286927	-65.92024115910583
M_cpd03426_c0	13727.521655964267	1630.3757803132648
M_cpd10515_c0	12004.471357204826	-2175.4694744006256
M_cpd00482_c0	12775.87142727221	-13241.491958001166
R_rxn00459_LSQBKT_c0_RSQBKT_	12262.059206827567	-12708.953694472859
M_cpd00061_c0	11784.564326717189	-12146.84401931072
M_cpd15682_c0	-13003.354230686587	-474.2602147400304
R_rxn10225_LSQBKT_c0_RSQBKT_	-12191.893760711371	-444.66451120721104
M_cpd15688_c0	-1502.12799801621	-75.01651535370222
M_cpd15526_c0	20049.82971485429	-7342.494971421218
R_rxn08311_LSQBKT_c0_RSQBKT_	20740.944114916707	-7595.589590143873
M_cpd15421_c0	21435.814571501203	-7850.0597230987105
M_cpd00169_c0	13835.302560569586	-14270.241030112164
R_rxn01101_LSQBKT_c0_RSQBKT_	14292.942116520171	-14851.476345932882
M_cpd02069_c0	14806.078986606766	-15384.665386103188
R_rxn00302_LSQBKT_c0_RSQBKT_	12319.321673446284	7902.3293721634145
M_cpd00009_e0	8240.007269813193	-13066.865890236484
R_rxn05145_LSQBKT_c0_RSQBKT_	12075.388588222448	-10781.295582787214
M_cpd03470_c0	-5453.239420290193	-16021.359362581974
R_rxn02988_LSQBKT_c0_RSQBKT_	-5216.086016051622	-15324.613883330005
M_cpd00095_c0	-8241.758752339545	-13065.761235696698
M_cpd02333_c0	-3586.818780732867	-15025.82560241473
R_rxn07307_LSQBKT_c0_RSQBKT_	12116.319460841409	-10735.275810282461
M_cpd08366_c0	12082.085001050744	-11850.94924583616
M_cpd02826_c0	14424.761910963074	-13674.122268432038
R_rxn02937_LSQBKT_c0_RSQBKT_	13887.716035831625	-13165.023331088523
M_cpd00079_c0	-9155.866019873425	-15960.266834427524
R_rxn00558_LSQBKT_c0_RSQBKT_	-8787.640973421994	-15318.386537825547
M_cpd00072_c0	-8437.997016117375	-14670.44588129462
M_cpd00118_c0	12149.407990682223	1109.9033633370848
R_rxn01406_LSQBKT_c0_RSQBKT_	13005.9951658993	-395.26414535607324
M_cpd00837_c0	13818.998280496327	-371.83668947472404
M_cpd00147_c0	13823.819751185278	70.59381516661479
M_cpd00264_c0	12194.36989117518	-370.59810738887904
M_cpd00238_c0	-3096.0677999976588	-16638.393557606985
R_rxn01200_LSQBKT_c0_RSQBKT_	-2961.4243409573446	-15914.814163941259
M_cpd00198_c0	-2921.3147424102162	-15169.265775764388
M_cpd00101_c0	-2755.0979910460132	-15200.333518042762
R_rxn05232_LSQBKT_c0_RSQBKT_	5279.7025878971035	-11892.72401863226
M_cpd00115_c0	5200.783992815983	-11035.93429937262
M_cpd00246_c0	-5012.187490387958	-16164.768868165063
R_rxn00835_LSQBKT_c0_RSQBKT_	-4794.214789316961	-15461.786719324986
M_cpd00114_c0	-4867.2586710945925	-14661.190164125643
M_cpd15603_c0	10768.29692641591	-8668.722933889494
R_rxn12844_LSQBKT_c0_RSQBKT_	10791.952566487931	-7269.518815071226
M_cpd00084_c0	9170.547090384694	-8046.183322733631
M_cpd00978_c0	2930.563073476854	-15167.48179733122
R_rxn01678_LSQBKT_c0_RSQBKT_	3130.150511955975	-14297.365273801384
M_cpd00358_c0	2927.6485894585103	-13510.434846319404
M_cpd15419_c0	-1139.8908057806907	981.1549066771504
R_rxn09208_LSQBKT_c0_RSQBKT_	-9138.634043148795	8082.411015619157
M_cpd15555_c0	-9746.877554873132	8620.355093052161
M_cpd00357_c0	-7065.891074603316	-9945.51071196654
R_rxn10060_LSQBKT_c0_RSQBKT_	-7649.23845132787	-10526.219412245178
M_cpd00297_c0	-8062.1089857730285	-11229.664941640858
M_cpd00655_c0	13658.601088707981	-9993.217314736288
R_rxn00100_LSQBKT_c0_RSQBKT_	12763.631640792391	-12205.134466205742
M_cpd00146_c0	15258.377524913752	-2413.0104241811378
R_rxn01018_LSQBKT_c0_RSQBKT_	16157.077160912302	1000.1008030823907
M_cpd00343_c0	16026.310946506794	-5438.670190945257
M_cpd00107_c0	12198.396127729662	-197.8178732824324
R_rxn00806_LSQBKT_c0_RSQBKT_	13009.125786877186	-273.4780817671175
M_cpd00200_c0	13822.15018625141	226.1420542714428
M_cpd01775_c0	-6294.409955926735	-18853.004516700523
R_rxn02834_LSQBKT_c0_RSQBKT_	-6060.063841648924	-18151.09148880968
M_cpd01777_c0	-5826.984463123965	-17452.972585393924
M_cpd02666_c0	10710.147995348352	-8740.463712969447
R_rxn02341_LSQBKT_c0_RSQBKT_	11721.568789200644	-8764.549111051712
M_cpd00834_c0	12371.8771970191	-9250.803133884043
M_cpd02979_c0	-5359.5589703211945	-16052.940654087324
R_rxn03175_LSQBKT_c0_RSQBKT_	-5126.4795917962365	-15354.821750671568
M_cpd02991_c0	-5332.774959461632	-14498.352155736147
M_cpd00290_c0	-7750.964932355927	-13362.755951426663
R_rxn00786_LSQBKT_c0_RSQBKT_	-8464.116616618705	-13798.915678424848
M_cpd00342_c0	15273.112191283604	-2317.9188925551593
R_rxn01637_LSQBKT_c0_RSQBKT_	16143.030567088872	1205.7811202844223
M_cpd00918_c0	16876.985996874973	1260.6028959533953
M_cpd11586_c0	-797.7252037236744	1275.0099997035404
R_rxn12640_LSQBKT_c0_RSQBKT_	-6470.909232332998	10342.501327382442
M_cpd00067_e0	-8598.853688309888	-10824.171619437648
R_rxn05596_LSQBKT_c0_RSQBKT_	-8126.330026546924	-10162.42610303474
M_cpd00205_c0	-7619.215057168189	-9528.250726792487
M_cpd00205_e0	-9066.320833732945	-10435.74638153975
M_cpd01078_c0	-11647.013686459713	-12278.796691346435
R_rxn02569_LSQBKT_c0_RSQBKT_	-11140.502100945983	-11744.809787255737
M_cpd03078_c0	-10631.237735076202	-11207.920780425415
M_cpd00810_c0	2836.0276922389266	-15185.442072223446
R_rxn00710_LSQBKT_c0_RSQBKT_	2942.277739588138	-14337.206760841671
M_cpd00091_c0	2477.551302222601	-13600.1733645147
M_cpd01620_c0	15254.806678135421	2435.48295266359
R_rxn02775_LSQBKT_c0_RSQBKT_	16038.190361120684	2197.2241443365815
M_cpd03420_c0	16767.37914946914	2297.122647563152
M_cpd14961_c0	19777.272714686165	1978.6005076644733
R_rxn07589_LSQBKT_c0_RSQBKT_	19040.948413575894	1904.9355662440814
M_cpd08375_c0	18308.604243822974	1831.668813696232
M_cpd00307_c0	-9833.364684840935	-11914.09429939696
R_rxn00717_LSQBKT_c0_RSQBKT_	-8513.047827990446	-13768.782105848983
M_cpd00092_c0	-5807.234426664319	-14314.912934201337
M_cpd15747_c0	-12015.329016850354	-2114.679317729743
R_rxn10308_LSQBKT_c0_RSQBKT_	-1478.9012153606911	-273.6187040475684
M_cpd15765_c0	-11976.568590912117	-2324.178303654297
M_cpd11436_c0	7664.171174527629	9492.127275144376
R_rxn05249_LSQBKT_c0_RSQBKT_	934.575271195342	1178.3823922946885
M_cpd11437_c0	7497.243246108235	9624.517842919948
M_cpd01997_c0	1016.0304034504137	-12157.618279057144
R_rxn02897_LSQBKT_c0_RSQBKT_	-436.8329469779683	-13004.665354265544
M_cpd00873_c0	-1750.3308853460271	-13712.74289818794
M_cpd00218_c0	-1612.1102617579247	-13729.678674460476
M_cpd02904_c0	-1521.6426509684625	-13739.999259197712
M_cpd03495_c0	-613.0797354715122	-16912.8918058963
R_rxn03409_LSQBKT_c0_RSQBKT_	-1141.703069500772	-17623.056321225682
M_cpd03496_c0	-1189.5434019713593	-18361.50828485575
R_rxn01301_LSQBKT_c0_RSQBKT_	16163.660017570031	887.3775050157368
R_rxn07191_LSQBKT_c0_RSQBKT_	14347.618050838226	-14798.662110720048
M_cpd08368_c0	13325.877003562187	3677.4961707570055
R_rxn04046_LSQBKT_c0_RSQBKT_	14108.618042833925	3893.5065071758922
M_cpd08369_c0	14891.359082105662	4109.516843594779
M_cpd03491_c0	-10076.925635298156	-6877.177454499112
R_rxn03407_LSQBKT_c0_RSQBKT_	-1234.819967450463	-858.624276377996
M_cpd03492_c0	-9955.294174506149	-7052.100247376235
M_cpd02210_c0	-9305.8464395025	-10222.729481131671
R_rxn01682_LSQBKT_c0_RSQBKT_	-9927.55633440919	-10754.353594109316
M_cpd00359_c0	-9376.779090384844	-10157.705936387487
M_cpd02720_c0	15439.14424641649	-522.9999410560464
R_rxn02474_LSQBKT_c0_RSQBKT_	16087.483583269717	1801.1707187347104
M_cpd00931_c0	16818.913526269873	1883.0623451857077
M_cpd15750_c0	-8029.055572847483	9185.546614553037
R_rxn10311_LSQBKT_c0_RSQBKT_	-999.6613729882844	1123.696195310449
M_cpd15768_c0	-8188.236734482682	9043.93604466929
M_cpd00350_c0	-3783.173227122875	-18006.876473547007
R_rxn01486_LSQBKT_c0_RSQBKT_	-3631.023869075542	-17282.68687624131
M_cpd00289_c0	-4803.036089886843	-16228.142848744108
M_cpd02498_c0	4075.5232927048937	-14900.698436335791
R_rxn00898_LSQBKT_c0_RSQBKT_	5015.4046183631835	-13749.844090537945
M_cpd00809_c0	13519.485847501583	2885.5637957259582
R_rxn01069_LSQBKT_c0_RSQBKT_	12725.372529491508	2716.0703204561755
M_cpd00668_c0	4535.265040781263	-13058.880005952551
R_rxn02113_LSQBKT_c0_RSQBKT_	4742.570372051098	-13846.318003936754
M_cpd00361_c0	3767.014911069447	-14981.66555025777
M_cpd00062_c0	2157.5688033970696	-12007.70156435476
R_rxn00117_LSQBKT_c0_RSQBKT_	2897.9290546366183	-12685.194172510444
R_rxn00555_LSQBKT_c0_RSQBKT_	-1448.778043466702	-17600.47278287628
M_cpd00288_c0	-905.6752489961028	-16899.749357412253
R_rxn00260_LSQBKT_c0_RSQBKT_	16528.919708185822	-6218.553954123604
M_cpd00939_c0	-345.9443974717736	-18396.747605863868
R_rxn02484_LSQBKT_c0_RSQBKT_	-332.0314162690966	-17656.878408671517
M_cpd02775_c0	-318.193640370226	-16921.008504436963
M_cpd00069_c0	11824.8145590697	-3002.292564626781
R_rxn00527_LSQBKT_c0_RSQBKT_	12611.84320021434	-3202.1172828625963
M_cpd00868_c0	12793.831048099977	-5236.493398513268
M_cpd00209_e0	-974.551094384462	12161.013533601303
R_rxn05171_LSQBKT_c0_RSQBKT_	-107.046231068139	1500.1856899777795
M_cpd00209_c0	-762.0369808760622	12176.177546331086
R_rxn04052_LSQBKT_c0_RSQBKT_	17572.279942712703	1758.0038722758402
M_cpd03421_c0	16842.65455003436	1657.3363292363995
R_rxn04045_LSQBKT_c0_RSQBKT_	12543.13596429045	3461.485834338119
M_cpd00149_c0	11778.871867394239	3177.7629759798906
M_cpd00504_c0	15428.986103549194	766.2191700067656
R_rxn01974_LSQBKT_c0_RSQBKT_	14617.985539328458	725.944055684815
M_cpd00516_c0	13806.98497510772	685.6689413628643
M_cpd11581_c0	6663.453878070325	-12112.033620116381
R_rxn12645_LSQBKT_c0_RSQBKT_	7493.564154889211	-10637.605005665493
M_cpd00132_c0	6910.913400277473	-10053.818974591955
M_cpd02978_c0	12850.593927379641	5095.607099609769
R_rxn00299_LSQBKT_c0_RSQBKT_	13605.417586887184	5394.915039777819
M_cpd00177_c0	5361.336516111283	-12742.018943676536
R_rxn00839_LSQBKT_c0_RSQBKT_	5603.411265497879	-11743.676008375378
M_cpd02737_c0	874.2975776444111	-13796.324863735454
R_rxn03020_LSQBKT_c0_RSQBKT_	5759.864566237799	-11667.737748963946
M_cpd02246_c0	7569.3424379758735	-9567.918010552632
M_cpd00971_c0	7237.983843431344	-11777.714798815043
M_cpd02438_c0	6502.019612516964	-12199.455600904686
M_cpd00895_c0	-3594.828946145457	-11658.353436397216
M_cpd00971_e0	8325.270057976786	-11035.979995530764
M_cpd00117_c0	7961.53588589804	-13238.377934534039
R_rxn00283_LSQBKT_c0_RSQBKT_	12034.282926077518	-10827.159297577513
R_rxn01022_LSQBKT_c0_RSQBKT_	14635.809163653626	74.74038474960749
M_cpd00128_c0	15447.47795674454	126.99911768006206
M_cpd02574_c0	15447.969347436529	30.774025759126676
M_cpd15678_c0	-7331.019706739371	-10750.269487756992
R_rxn10221_LSQBKT_c0_RSQBKT_	-6873.535230727041	-10079.410371244649
M_cpd15684_c0	-1073.890348883954	-1052.9841017669257
R_rxn09177_LSQBKT_c0_RSQBKT_	8745.126774118706	-9635.087010743191
M_cpd02201_c0	10647.63746705252	-8816.506812236885
M_cpd02535_c0	4473.492007505408	-14786.093914850711
R_rxn03437_LSQBKT_c0_RSQBKT_	6752.788383656642	-12985.081634150474
M_cpd00508_c0	6404.320468717158	-12251.026705299862
M_cpd00807_c0	-11266.577515181398	-12628.77694372693
R_rxn02320_LSQBKT_c0_RSQBKT_	-8721.853519226053	-15355.939280589908
M_cpd00930_c0	-5265.695639219859	-16083.974180379082
R_rxn07587_LSQBKT_c0_RSQBKT_	19882.49855680736	5435.144445049573
M_cpd08372_c0	20596.308421548165	5630.27383032692
M_cpd00956_c0	-10399.067983032019	-11423.663557908136
R_rxn02507_LSQBKT_c0_RSQBKT_	-9852.45721126726	-10823.196519519905
M_cpd00141_c0	-12021.65099014491	4979.161723739038
R_rxn00669_LSQBKT_c0_RSQBKT_	-11271.452665214256	4668.442440025843
M_cpd00086_c0	-1399.621555147522	550.5229353682116
R_rxn01333_LSQBKT_c0_RSQBKT_	-3786.965445883284	-17249.18817543846
M_cpd00236_c0	-3506.6393637927013	-16556.72843203933
M_cpd03706_c0	2045.4165533073988	-13671.841394759378
R_rxn00714_LSQBKT_c0_RSQBKT_	2291.050063612654	-12808.71709446424
M_cpd00274_c0	15090.188517278635	-3305.588376218679
R_rxn01434_LSQBKT_c0_RSQBKT_	14296.996319192784	-3131.835284459903
M_cpd00171_c0	-652.1410160798008	-13808.609202057476
R_rxn01116_LSQBKT_c0_RSQBKT_	-1431.9255301019473	-14565.784746323909
M_cpd15523_c0	-12867.861032965531	1931.3975345037654
R_rxn08308_LSQBKT_c0_RSQBKT_	-12064.855871670725	1810.8707286309618
M_cpd15422_c0	-1484.2043385005477	243.21488765318557
M_cpd00096_c0	-511.1256109471882	1414.484573911594
R_rxn00409_LSQBKT_c0_RSQBKT_	-4299.959588460206	11417.107669528616
R_rxn02213_LSQBKT_c0_RSQBKT_	-1398.6447501078817	-19084.81828215809
M_cpd01716_c0	-1452.7311378106322	-19822.83905602917
M_cpd02693_c0	16793.202086299258	2100.033258954318
R_rxn03062_LSQBKT_c0_RSQBKT_	16062.8902962073	2008.705884894381
M_cpd02605_c0	15445.932875955714	252.7085108785625
M_cpd03607_c0	5681.169268428032	10796.495530655719
R_rxn03446_LSQBKT_c0_RSQBKT_	711.962148524725	1324.811646638139
M_cpd03608_c0	5868.840151127276	10695.640012664804
R_rxn01519_LSQBKT_c0_RSQBKT_	3069.0634737125924	-14310.602551755925
M_cpd00299_c0	-3299.7089770786965	-15091.475231619548
M_cpd00338_c0	21118.00033758877	3152.453923787068
R_rxn00029_LSQBKT_c0_RSQBKT_	20386.11010483232	3043.198776559528
M_cpd00689_c0	19658.17603549618	2934.5341976953805
R_rxn03491_LSQBKT_c0_RSQBKT_	11299.367359597438	4600.467071163975
M_cpd03835_c0	1398.0970245065814	554.3831798186554
R_rxn01964_LSQBKT_c0_RSQBKT_	-8759.235667737741	-9622.26244274344
M_cpd00065_c0	-8275.224602336162	-8964.410620943818
M_cpd00644_c0	12218.349003124771	-9452.653153365987
R_rxn12510_LSQBKT_c0_RSQBKT_	11576.110565104489	-8955.78919942158
R_rxn09207_LSQBKT_c0_RSQBKT_	-12011.81553696383	2134.5462060949526
M_cpd15554_c0	-12811.290472702734	2276.6160027629003
M_cpd00863_c0	-9242.234685944388	-15910.408480297621
R_rxn02380_LSQBKT_c0_RSQBKT_	-8870.536117053145	-15270.533356633478
R_rxn00474_LSQBKT_c0_RSQBKT_	-8826.001846360503	-9561.058278665652
R_rxn03435_LSQBKT_c0_RSQBKT_	11073.33208251374	-11808.16076238683
M_cpd10162_c0	4290.9301291545235	-14840.101840173265
M_cpd00533_c0	-3432.009312895834	-13391.201890651797
R_rxn01673_LSQBKT_c0_RSQBKT_	-1826.2039990546539	-12883.21089456494
M_cpd00356_c0	-464.9916438865697	-12191.135417635047
M_cpd15604_c0	13817.7211684017	416.6025831695762
R_rxn12845_LSQBKT_c0_RSQBKT_	13011.152759207209	-148.48527393191705
R_rxn00832_LSQBKT_c0_RSQBKT_	-3953.313867476098	-14091.976634426455
M_cpd02884_c0	-3733.9854402835126	-13310.158854489706
M_cpd00175_c0	19578.621915459713	3425.337923691718
R_rxn00295_LSQBKT_c0_RSQBKT_	20303.610128871784	3552.176760069113
R_rxn02187_LSQBKT_c0_RSQBKT_	4801.659370433629	-13825.938061857754
M_cpd02569_c0	3859.2613220996354	-14958.168539221164
M_cpd00206_c0	-4270.457284284096	-14846.006149234376
R_rxn01219_LSQBKT_c0_RSQBKT_	-3710.5126080223267	-14157.845605377513
M_cpd03834_c0	-356.3496817263677	1461.1744948271978
R_rxn03514_LSQBKT_c0_RSQBKT_	-3136.523003471458	11789.920417402926
M_cpd03839_c0	-3345.2817476369355	12574.626596003842
R_rxn01270_LSQBKT_c0_RSQBKT_	15399.358184048928	-4991.103236696801
M_cpd00616_c0	15426.124733121389	-6961.066852012019
M_cpd00219_c0	14704.57718261963	-4734.5658597575875
M_cpd15524_c0	-9975.089254045373	8355.222221690368
R_rxn08309_LSQBKT_c0_RSQBKT_	-9352.604434318588	7833.8234786829535
M_cpd15527_c0	9487.081907907415	8905.471400922908
R_rxn08312_LSQBKT_c0_RSQBKT_	8895.050666805293	8349.734943994734
M_cpd15420_c0	1082.6343305794628	1043.9918133063873
R_rxn05144_LSQBKT_c0_RSQBKT_	1282.1309178333481	-12948.678863480081
M_cpd00016_c0	1446.1369825388247	-12113.987280319123
R_rxn00410_LSQBKT_c0_RSQBKT_	1757.0413188425136	-12892.825516692614
R_rxn05221_LSQBKT_c0_RSQBKT_	8655.920936307031	-9715.306312433058
M_cpd00129_e0	11511.631872530023	-7654.103973121277
M_cpd00129_c0	10275.287106488144	-6577.1175205585705
R_rxn09210_LSQBKT_c0_RSQBKT_	21548.496267163555	-7891.32515006436
M_cpd15557_c0	22821.799428148122	-8357.624474776194
M_cpd00203_c0	14919.154582010246	-15275.036188437745
R_rxn00782_LSQBKT_c0_RSQBKT_	15433.415436841628	-15801.56422490693
M_cpd00332_c0	-2362.2793495419733	11969.111757967989
R_rxn01607_LSQBKT_c0_RSQBKT_	-2519.5064669049307	12765.744442186842
M_cpd00812_c0	-2676.733584267888	13562.377126405694
R_rxn01000_LSQBKT_c0_RSQBKT_	7688.668505886205	-12453.789487806254
M_cpd00143_c0	6582.88186955534	-12156.012598359694
M_cpd03560_c0	-12192.378813899353	4545.1119742398205
R_rxn00675_LSQBKT_c0_RSQBKT_	-11431.526400981564	4261.479102807087
M_cpd02894_c0	3582.0964812278266	-15026.95207948622
R_rxn02305_LSQBKT_c0_RSQBKT_	4034.9886030324196	-14068.80815753056
M_cpd02654_c0	3674.6254613947776	-15004.593687216899
M_cpd00793_c0	3785.0345456072646	-13295.7320027353
M_cpd01727_c0	14664.868552172342	-13416.296297693589
R_rxn02296_LSQBKT_c0_RSQBKT_	14118.883307223276	-12916.79643553354
M_cpd00782_c0	13575.849333868533	-12419.996572628404
M_cpd11585_c0	-1337.8079428714425	-687.2306075765829
R_rxn12641_LSQBKT_c0_RSQBKT_	-10851.89953659016	-5574.609981671749
M_cpd15754_c0	-10916.863096256862	5446.292329427885
R_rxn10315_LSQBKT_c0_RSQBKT_	-1351.627852303571	659.6348602653106
M_cpd15772_c0	-11010.306007027859	5254.822702204731
R_rxn00711_LSQBKT_c0_RSQBKT_	2244.821814727487	-14462.823756795338
M_cpd15748_c0	-1186.7679960276423	12142.140738914391
R_rxn10309_LSQBKT_c0_RSQBKT_	-159.3678790018493	1495.53264061419
M_cpd15766_c0	-1398.6229653599444	12119.564917964992
M_cpd11593_c0	1305.2165033462513	747.2789836417089
R_rxn12633_LSQBKT_c0_RSQBKT_	10587.527487250176	6061.7045215617345
M_cpd11440_c0	10013.758739772986	6968.83318078573
R_rxn05250_LSQBKT_c0_RSQBKT_	1241.9374958333847	848.2966794955063
M_cpd11441_c0	10133.927208276225	6792.902129234519
M_cpd03666_c0	10382.370083322661	6406.7457771419795
R_rxn03174_LSQBKT_c0_RSQBKT_	12095.7702678721	4796.299159441718
M_cpd00100_c0	4122.34266662901	11482.434016309
R_rxn00763_LSQBKT_c0_RSQBKT_	520.5377452296821	1411.0479991095974
M_cpd00448_c0	4322.229665053195	11408.695399673625
M_cpd00638_c0	-3011.3997842810345	-15151.639361443107
R_rxn00138_LSQBKT_c0_RSQBKT_	-3527.5420494133255	-15798.980697805186
M_cpd02921_c0	4746.052216153813	-14700.873863874265
R_rxn03136_LSQBKT_c0_RSQBKT_	7265.583680164051	-12705.266222576127
M_cpd02851_c0	-4731.725417026099	-12988.985740921775
R_rxn05165_LSQBKT_c0_RSQBKT_	10959.183264723253	-7014.873211271162
M_cpd00142_c0	-3791.118977495066	14975.58415883924
R_rxn00988_LSQBKT_c0_RSQBKT_	-3591.8447277717237	14188.415959915274
M_cpd00279_c0	-3357.019632299777	13410.19743286257
R_rxn05236_LSQBKT_c0_RSQBKT_	2755.68311964946	-12716.853169871822
R_rxn02835_LSQBKT_c0_RSQBKT_	-5592.638348846153	-16751.059557503082
M_cpd00216_c0	15571.491363542424	-6629.512253184519
R_rxn00726_LSQBKT_c0_RSQBKT_	16134.901857509842	-7179.174189872081
M_cpd00093_c0	16810.996272830187	-7480.000288428442
R_rxn03147_LSQBKT_c0_RSQBKT_	11564.21457837961	-11327.854394597085
M_cpd01017_c0	8795.959868622915	-10664.617479758715
R_rxn00650_LSQBKT_c0_RSQBKT_	10690.625781117718	-7417.726363792423
M_cpd00449_c0	-11917.792764852573	2608.8724794492455
R_rxn01241_LSQBKT_c0_RSQBKT_	-1471.962140290095	308.77735919688615
M_cpd00213_c0	-11961.533714522719	2400.3564727632265
M_cpd15686_c0	-1271.6725853505711	-803.0347661638285
R_rxn10229_LSQBKT_c0_RSQBKT_	-10402.060160195846	-6374.727007775816
M_cpd15692_c0	-11094.394000366252	-6799.012116817954
R_rxn00776_LSQBKT_c0_RSQBKT_	-3658.9193239814	-15769.072686134574
M_cpd00859_c0	-3825.2749344614044	-16486.02583025337
M_cpd11580_c0	379.8039888556236	1455.2542492806394
R_rxn12646_LSQBKT_c0_RSQBKT_	3080.856824493754	11804.5889901754
R_rxn09296_LSQBKT_c0_RSQBKT_	5410.527799038067	-13599.21633535684
M_cpd00025_c0	4382.294269146365	-14813.379119519182
M_cpd00932_c0	16911.299070184934	-7250.3768011574575
R_rxn01255_LSQBKT_c0_RSQBKT_	16212.919084309462	-7001.20380831997
M_cpd03049_c0	4664.14597857314	-13013.40533029537
R_rxn03194_LSQBKT_c0_RSQBKT_	4537.114187408756	-12195.357266206438
M_cpd00094_c0	11310.787113083585	-7947.897261697732
M_cpd00498_c0	4875.535742329431	-12935.691988651717
M_cpd00056_c0	3556.0268437675727	-11670.247344696874
M_cpd15679_c0	-3757.95416806215	12457.524813169923
R_rxn10222_LSQBKT_c0_RSQBKT_	-3523.443041066572	11680.12624659338
M_cpd15685_c0	-434.3654371937806	1439.9106454816756
M_cpd00735_c0	-1431.109024505187	-13749.723741224032
R_rxn11938_LSQBKT_c0_RSQBKT_	1219.9156745452738	-12954.688330754961
M_cpd00643_c0	1231.2769693168102	-12137.708063091237
M_cpd00774_c0	16745.003912989407	2454.9175045140505
R_rxn02287_LSQBKT_c0_RSQBKT_	16016.788190940231	2348.1567338143136
M_cpd00957_c0	18285.74857500388	2047.2906612749364
R_rxn02475_LSQBKT_c0_RSQBKT_	17550.34346927003	1964.9539716367053
R_rxn00147_LSQBKT_c0_RSQBKT_	12391.21705878211	-12583.057649162512
R_rxn02774_LSQBKT_c0_RSQBKT_	14533.854669899667	1726.141487316619
M_cpd00210_e0	-10278.29856157168	6572.4104162166805
R_rxn05172_LSQBKT_c0_RSQBKT_	-1259.9720739539232	821.2711932463293
M_cpd00210_c0	-10161.958483974144	6750.89621976119
R_rxn03057_LSQBKT_c0_RSQBKT_	16078.81934094003	1876.9423543126793
M_cpd02791_c0	16056.430119163142	-5349.09598235353
R_rxn01485_LSQBKT_c0_RSQBKT_	-866.2887574302123	-16164.803982379435
M_cpd00666_c0	17122.67583450477	-6736.020506683924
R_rxn00245_LSQBKT_c0_RSQBKT_	16468.976640809014	-6375.610433871173
R_rxn01629_LSQBKT_c0_RSQBKT_	21845.934406924916	3261.1185026512157
M_cpd02345_c0	22577.824639681363	3370.3736498787557
M_cpd00528_c0	-728.0468637267996	1316.0409432147508
R_rxn06874_LSQBKT_c0_RSQBKT_	-5687.68495932845	10793.06443061603
M_cpd00649_c0	-6028.341760801262	-10606.559084593813
R_rxn06299_LSQBKT_c0_RSQBKT_	-7237.059454267381	-10813.746550358905
M_cpd00792_c0	-7895.702189909194	-11347.284385625628
R_rxn05313_LSQBKT_c0_RSQBKT_	8789.313790678436	-11703.010684819094
R_rxn00966_LSQBKT_c0_RSQBKT_	16267.99471544997	-6872.259303758252
M_cpd00136_c0	16949.666068192495	-7160.224869147895
R_rxn00785_LSQBKT_c0_RSQBKT_	-3354.1407481136994	-15836.700535207556
M_cpd02678_c0	15495.950710549585	-14689.568256971266
R_rxn03084_LSQBKT_c0_RSQBKT_	14958.904835418138	-14180.469319627751
R_rxn00011_LSQBKT_c0_RSQBKT_	4390.181385503017	-12249.018385257767
M_cpd00492_c0	1366.281035578439	628.7226191403552
R_rxn00292_LSQBKT_c0_RSQBKT_	11082.864783282552	5100.010607388519
M_cpd11431_c0	-12155.417963390457	-1042.0240569605962
R_rxn05252_LSQBKT_c0_RSQBKT_	-1497.3251848242705	-141.53900837212208
M_cpd11432_c0	-12135.36775421168	-1254.132955487314
M_cpd00053_e0	-1421.8321305503648	-490.31560502864886
R_rxn05155_LSQBKT_c0_RSQBKT_	-11533.47871856014	-3977.2941365355828
M_cpd00298_c0	-7936.947674622191	-13253.134180649851
R_rxn01513_LSQBKT_c0_RSQBKT_	-8535.664577240606	-11889.277783988395
R_rxn02476_LSQBKT_c0_RSQBKT_	12446.268494728121	-12528.607287210267
M_cpd02030_c0	12967.79956415614	-13053.588566515793
M_cpd00322_c0	6824.5831082326595	-10112.619116669304
R_rxn01575_LSQBKT_c0_RSQBKT_	7278.809459370767	-10785.688520172213
M_cpd15423_c0	-1502.8680756532588	58.33992785623259
R_rxn09206_LSQBKT_c0_RSQBKT_	-12196.078091447102	309.3205252226723
M_cpd15553_c0	-13007.817059500794	329.90808804895664
M_cpd00540_e0	9078.000478691418	8150.454423458754
R_rxn05181_LSQBKT_c0_RSQBKT_	1127.8547836779728	994.9671285699407
M_cpd00540_c0	9218.946068767784	7990.684162269902
M_cpd00251_c0	-2940.5414718413094	-16666.583088695217
R_rxn00775_LSQBKT_c0_RSQBKT_	-2812.6616252757694	-15941.77777356406
R_rxn00364_LSQBKT_c0_RSQBKT_	-3991.4886064330126	11528.57401002897
M_cpd00090_c0	-10236.261588753381	-8033.124714991801
R_rxn00515_LSQBKT_c0_RSQBKT_	-9597.47858767225	-7531.8261238010955
M_cpd00068_c0	-1195.539046263321	-912.5252812167937
M_cpd01587_c0	2241.1333874603806	11992.385965253552
R_rxn01025_LSQBKT_c0_RSQBKT_	263.36439956150394	1480.761693536002
M_cpd00151_c0	2031.3708489151309	12029.693781396842
R_rxn02186_LSQBKT_c0_RSQBKT_	4860.660795160301	-13805.305959463254
R_rxn10227_LSQBKT_c0_RSQBKT_	-8711.078627915052	-8541.493378694477
M_cpd15690_c0	-9290.865172658256	-9109.99277406332
M_cpd15605_c0	5534.139204831647	-12667.923241855602
R_rxn12846_LSQBKT_c0_RSQBKT_	5815.845416826332	-11639.934969216114
M_cpd00066_c0	5426.685718347451	-10926.622630725553
R_rxn05201_LSQBKT_c0_RSQBKT_	-9068.200318014406	-11488.265273415453
M_cpd00226_e0	-9609.019949147212	-12095.761225193348
M_cpd00226_c0	-9533.488807029578	-12155.381325414754
R_rxn02789_LSQBKT_c0_RSQBKT_	10983.16205444982	-11892.07699629016
M_cpd01710_c0	12366.547070704817	-11553.79978829658
M_cpd00202_c0	-4288.911017335489	-20916.814917318992
R_rxn00830_LSQBKT_c0_RSQBKT_	-4436.749089120742	-21637.814157631226
M_cpd01311_c0	12176.509263218484	-6544.890997010907
R_rxn08180_LSQBKT_c0_RSQBKT_	11349.542674955432	-6363.963000313995
M_cpd00074_c0	12127.734537630697	-6634.834661448586
M_cpd03091_c0	12034.19438552653	-6803.024437069274
M_cpd00104_c0	12081.257147833634	-6719.092329170565
M_cpd02375_c0	4655.37443416984	-14729.840219013846
R_rxn00800_LSQBKT_c0_RSQBKT_	14061.562454371866	-4060.1671568790675
R_rxn05234_LSQBKT_c0_RSQBKT_	4948.483166912716	-12034.31171055418
M_cpd00241_c0	4690.9180045211615	-11262.117397490545
M_cpd00282_c0	16873.150679147097	-7338.718291282056
R_rxn01465_LSQBKT_c0_RSQBKT_	16723.271762899432	-5675.190000714561
M_cpd01324_c0	-9221.152943983974	-10299.189986773508
R_rxn00863_LSQBKT_c0_RSQBKT_	-8679.516934832138	-9694.231778638374
M_cpd00119_c0	-8106.197261146836	-9117.541662278027
M_cpd01080_c0	18676.72955288948	-6799.643314779437
R_rxn09449_LSQBKT_c0_RSQBKT_	19320.21113579444	-7182.199222266426
M_cpd00327_c0	20013.83408555613	-7440.050349011873
R_rxn03436_LSQBKT_c0_RSQBKT_	5132.661091788695	-13706.505248123553
M_cpd15522_c0	-12994.24748554764	679.467647749961
R_rxn08307_LSQBKT_c0_RSQBKT_	-12183.355312302581	637.0661929411054
M_cpd10515_e0	13704.558195424519	-1813.301041808181
R_rxn05555_LSQBKT_c0_RSQBKT_	12774.36744830008	-2475.4151764524845
M_cpd00641_c0	-10304.424962287647	-11509.106403043776
R_rxn02159_LSQBKT_c0_RSQBKT_	-9762.78895313581	-10904.148194908641
R_rxn00727_LSQBKT_c0_RSQBKT_	16164.87140336015	-7111.436740408316
M_cpd08928_c0	-10501.540378517704	6209.48062871302
R_rxn04385_LSQBKT_c0_RSQBKT_	-1287.8826544002955	776.771696507313
M_cpd02547_c0	-10391.504034627427	6391.920204314344
R_rxn01300_LSQBKT_c0_RSQBKT_	14313.599165511658	3055.0572709957446
R_rxn00175_LSQBKT_c0_RSQBKT_	12238.057429558787	-10596.286819014525
R_rxn06979_LSQBKT_c0_RSQBKT_	16110.19214464407	1585.2611969793686
M_cpd03914_c0	15361.419896867348	-1633.2430168618328
M_cpd11584_c0	-9135.831242614146	-10374.948843559436
R_rxn12642_LSQBKT_c0_RSQBKT_	-8599.206895898094	-9765.54067942675
M_cpd11430_c0	-7867.425765270154	9324.355839840267
R_rxn05247_LSQBKT_c0_RSQBKT_	-959.8118707941876	1157.9193290910043
M_cpd11435_c0	-7703.396604493623	9460.321387451702
R_rxn00986_LSQBKT_c0_RSQBKT_	-12953.23122681714	4828.744845672555
M_cpd08373_c0	21245.941185549356	2125.53220163271
R_rxn07588_LSQBKT_c0_RSQBKT_	20509.616884439085	2051.867260212323
M_cpd00099_e0	128.90950674748385	-13823.398943062813
R_rxn10473_LSQBKT_c0_RSQBKT_	1344.316576158955	-12942.370607545754
M_cpd00099_c0	1526.2464016992224	-12104.155151075194
R_rxn05559_LSQBKT_c0_RSQBKT_	-9245.996260011532	-11345.662129635835
M_cpd00047_e0	-9758.960796984024	-11975.11537159158
R_rxn03068_LSQBKT_c0_RSQBKT_	4317.553118943263	-15601.605015673973
M_cpd11592_c0	-1321.0541958417994	718.9101554775652
R_rxn12634_LSQBKT_c0_RSQBKT_	-10715.998131163531	5831.585037783442
R_rxn01269_LSQBKT_c0_RSQBKT_	13931.654042259252	-4485.700797735114
M_cpd08370_c0	16314.1740746735	4502.166174326647
R_rxn04048_LSQBKT_c0_RSQBKT_	17023.653637363153	4697.958794528987
M_cpd01982_c0	17638.32830972261	-16720.460234049722
R_rxn00790_LSQBKT_c0_RSQBKT_	17725.416830014194	-16803.016818483804
R_rxn00060_LSQBKT_c0_RSQBKT_	18926.28580273973	2825.2790504678405
M_cpd00755_c0	18198.351733403586	2716.614471603693
R_rxn04050_LSQBKT_c0_RSQBKT_	21789.29599854063	3620.265720631743
M_cpd02843_c0	-5242.360995059878	-14531.288834699928
R_rxn02473_LSQBKT_c0_RSQBKT_	-5036.698239641401	-15384.505674307291
R_rxn00834_LSQBKT_c0_RSQBKT_	10937.8382439864	-11933.777212114717
M_cpd00497_c0	12522.071135431694	-9046.4599971032
M_cpd11587_c0	-907.532226207893	1199.3336726675132
R_rxn12639_LSQBKT_c0_RSQBKT_	-7361.631090250196	9728.637504350838
R_rxn03080_LSQBKT_c0_RSQBKT_	14623.806232390754	-597.3167312986607
M_cpd11225_c0	8482.737183745847	-12910.610902335164
R_rxn03085_LSQBKT_c0_RSQBKT_	-5642.963785457664	-11724.72190356826
M_cpd02679_c0	-6211.867680998832	-12349.723718114596
R_rxn02297_LSQBKT_c0_RSQBKT_	13029.864088919474	-11920.49671046835
M_cpd00800_c0	15388.269510768705	-7044.355006950336
R_rxn05040_LSQBKT_c0_RSQBKT_	780.9846528349273	-14615.148270614167
M_cpd00355_c0	1203.1074461958237	902.5233918897411
R_rxn00105_LSQBKT_c0_RSQBKT_	9608.56047793632	7517.683522325222
R_rxn00799_LSQBKT_c0_RSQBKT_	14274.801859213398	-3231.490040244243
R_rxn00313_LSQBKT_c0_RSQBKT_	12740.514776989085	2644.130711088762
M_cpd15683_c0	-1048.4970726727772	1078.271713714413
R_rxn10226_LSQBKT_c0_RSQBKT_	-8386.75266406926	8860.15686947625
M_cpd15689_c0	-8944.952923349943	9449.865670952857
M_cpd11438_c0	-12166.23457408402	907.0481179974132
R_rxn05248_LSQBKT_c0_RSQBKT_	-1498.8038847178218	124.91162938160203
M_cpd11439_c0	-12148.539775125288	1119.366486991102
M_cpd15680_c0	-10907.612150493758	-7094.796767660149
R_rxn10223_LSQBKT_c0_RSQBKT_	-10226.934232710108	-6652.053532543323
M_cpd00036_c0	11617.070719169606	-7493.1064256296395
R_rxn00285_LSQBKT_c0_RSQBKT_	13235.579862099934	-6247.553258194339
M_cpd00078_c0	13969.88505805683	-6594.165259127231
M_cpd15746_c0	1610.0513923151282	12093.292955771149
R_rxn10307_LSQBKT_c0_RSQBKT_	211.49513009578635	1489.055341465107
M_cpd15764_c0	1820.9887969114138	12063.332864574497
R_rxn00770_LSQBKT_c0_RSQBKT_	-1381.9341509629487	-16128.905790610916
M_cpd00477_c0	15286.647626123517	-2226.9055558627188
R_rxn00192_LSQBKT_c0_RSQBKT_	16136.274085277366	1293.0594127131685
M_cpd00026_c0	547.2806491928602	-13813.162559349652
R_rxn00211_LSQBKT_c0_RSQBKT_	377.75932690329637	-14631.124149939318
M_cpd00144_c0	37.883851122872706	-15447.953547762374
M_cpd02394_c0	16567.139510136098	-15705.014245510494
R_rxn04783_LSQBKT_c0_RSQBKT_	16030.093635004649	-15195.91530816698
M_cpd00383_c0	13714.319034137976	-14386.550296366424
R_rxn01739_LSQBKT_c0_RSQBKT_	13486.511546722391	-13575.732109176419
M_cpd00363_c0	20568.809076388963	5729.9212192716
R_rxn00543_LSQBKT_c0_RSQBKT_	19855.952261264956	5531.338337000104
R_rxn05235_LSQBKT_c0_RSQBKT_	1468.5933989427263	-12928.858318837818
M_cpd12227_c0	24045.27017153327	3536.8627875523293
R_rxn06591_LSQBKT_c0_RSQBKT_	22696.509542290518	3388.090700780519
M_cpd11912_c0	24031.078288597513	3632.0369336361664
R_rxn00126_LSQBKT_c0_RSQBKT_	12558.568034240077	-3405.071648198218
R_rxn00414_LSQBKT_c0_RSQBKT_	16151.432721695004	1087.4580619775115
R_rxn06937_LSQBKT_c0_RSQBKT_	24149.730748876962	3649.969966554054
R_rxn03127_LSQBKT_c0_RSQBKT_	8610.097090344854	-9755.94034908143
M_cpd02817_c0	8006.674979480446	-9205.061421466007
M_cpd02935_c0	8605.383444129644	-10818.981087861252
M_cpd01024_c0	8934.69530281756	-10548.658485599475
M_cpd15751_c0	-9428.117757657665	-7742.776991993261
R_rxn10312_LSQBKT_c0_RSQBKT_	-1153.9070686692999	-964.6317830524888
M_cpd15769_c0	-9291.469428316206	-7906.237781819195
M_cpd02642_c0	-11392.660962249733	-12515.152903549799
R_rxn02508_LSQBKT_c0_RSQBKT_	-10897.210804591035	-11970.88721358214
R_rxn00127_LSQBKT_c0_RSQBKT_	14630.70448736576	-393.6777913159734
M_cpd11433_c0	10894.225545071793	5491.434218226166
R_rxn05251_LSQBKT_c0_RSQBKT_	1337.063453247868	688.6779523034596
M_cpd11434_c0	10796.668432306162	5680.840673953427
R_rxn02938_LSQBKT_c0_RSQBKT_	12507.433143491087	-12467.546517302459
R_rxn00139_LSQBKT_c0_RSQBKT_	16072.17548188838	1933.007832210207
M_cpd03847_c0	18784.917750283657	-6494.785686616456
R_rxn05736_LSQBKT_c0_RSQBKT_	19480.515429102776	-6735.284894975769
M_cpd01695_c0	20179.893530089386	-6977.091164250079
R_rxn05527_LSQBKT_c0_RSQBKT_	-9351.600317325194	-11258.777353913849
M_cpd00307_e0	-9907.387027827488	-11852.610947839115
M_cpd02552_c0	16863.366251019863	1431.3122244864437
R_rxn02465_LSQBKT_c0_RSQBKT_	17608.585979467905	1346.588208654104
M_cpd15417_c0	838.3197498461893	1248.6937162562413
R_rxn09205_LSQBKT_c0_RSQBKT_	6935.743331686585	10036.705855855547
M_cpd15552_c0	7397.368215729987	10704.722671835441
R_rxn05957_LSQBKT_c0_RSQBKT_	11520.100204661605	-9027.723260853516
M_cpd00822_c0	12159.231208090494	-9528.578090575644
M_cpd03833_c0	-2819.370936137021	12702.885165365617
R_rxn03513_LSQBKT_c0_RSQBKT_	-2643.4310959784552	11910.175147360938
R_rxn00549_LSQBKT_c0_RSQBKT_	-8197.475201339483	-13958.966448968356
R_rxn01257_LSQBKT_c0_RSQBKT_	16304.357436547267	-6785.538193931698
M_cpd08210_c0	16987.552482019804	-7069.869918932232
R_rxn01740_LSQBKT_c0_RSQBKT_	14222.154554822504	-14919.278260651268
M_cpd15606_c0	13190.800566154583	-4135.910591869214
R_rxn12847_LSQBKT_c0_RSQBKT_	12627.07942645402	-3141.497916284785
R_rxn00416_LSQBKT_c0_RSQBKT_	7370.8856692139725	-10722.974794868076
M_cpd00806_c0	-8012.715998994242	-13207.46328101887
R_rxn01620_LSQBKT_c0_RSQBKT_	-7599.002737704301	-12508.703105932387
M_cpd00334_c0	-7129.609979518491	-11843.632784747691
M_cpd00156_c0	7001.960846507885	-9990.622818622
R_rxn00903_LSQBKT_c0_RSQBKT_	7442.378753672647	-10673.478462379637
M_cpd00214_c0	18753.254252589086	-6585.653417676134
R_rxn00947_LSQBKT_c0_RSQBKT_	19447.679445279042	-6829.517420262652
M_cpd00134_c0	20145.87868792927	-7074.706770689314
M_cpd15749_c0	11493.890644119541	4090.2906817268226
R_rxn10310_LSQBKT_c0_RSQBKT_	1421.300688929486	491.85399423870564
M_cpd15767_c0	11563.56596248813	3888.951302238942
R_rxn00838_LSQBKT_c0_RSQBKT_	-2969.570354639038	-14331.578695623486
M_cpd00031_c0	-2777.074370160267	-13542.18719197896
M_cpd00861_c0	-1393.4251474747653	-566.0232843134006
R_rxn00297_LSQBKT_c0_RSQBKT_	-11393.961833947133	-4360.921201599046
M_cpd00446_c0	1024.960276916336	1100.6690832142
R_rxn00065_LSQBKT_c0_RSQBKT_	8314.172459028789	8928.29974415774
R_rxn00141_LSQBKT_c0_RSQBKT_	9234.407503620101	-11355.096391360348
M_cpd00182_c0	9746.729100568687	-11985.07304275312
R_rxn01454_LSQBKT_c0_RSQBKT_	-3159.8335832960574	12622.503544300329
M_cpd00292_c0	-2962.647534292338	11834.80965573809
M_cpd01977_c0	13541.553929212014	-10151.260669603686
R_rxn00337_LSQBKT_c0_RSQBKT_	12724.347841588828	-12246.083945745828
R_rxn00777_LSQBKT_c0_RSQBKT_	-1372.2161983667004	-14571.531103660316
R_rxn01512_LSQBKT_c0_RSQBKT_	-7588.553394305458	-10570.05209929332
M_cpd00283_c0	-3992.431405983523	-19470.897962562394
R_rxn01466_LSQBKT_c0_RSQBKT_	-3843.789866416819	-18745.98024811803
R_rxn02185_LSQBKT_c0_RSQBKT_	4268.870711128891	-12291.821950047353
M_cpd03487_c0	2658.5442448962654	11906.810760985873
R_rxn03406_LSQBKT_c0_RSQBKT_	314.91241729632657	1470.661813413466
M_cpd03488_c0	2450.212440616194	11951.420794024853
R_rxn01106_LSQBKT_c0_RSQBKT_	13286.906284363098	-13771.151636321214
R_rxn00293_LSQBKT_c0_RSQBKT_	1833.5617669320288	-12882.1657824624
M_cpd00155_c0	-5154.18148320166	-14562.799086652989
R_rxn05740_LSQBKT_c0_RSQBKT_	-4466.638953891818	-13937.777170538213
M_cpd00089_c0	-4218.831436089129	-13164.514321229863
M_cpd15302_c0	-5068.255491732026	-14592.926035258595
M_cpd03832_c0	12178.970217530838	4580.920043015032
R_rxn11544_LSQBKT_c0_RSQBKT_	12938.985881274693	4866.787478837981
M_cpd03913_c0	13699.001545018547	5152.654914660933
M_cpd00764_c0	14027.869258977937	-6469.898612267564
R_rxn02277_LSQBKT_c0_RSQBKT_	13290.516214034249	-6129.818493600988
M_cpd11588_c0	11668.947090943017	-7412.061102606516
R_rxn12638_LSQBKT_c0_RSQBKT_	11151.218766510185	-6705.4055821725715
M_cpd02655_c0	-6298.371414796027	-12305.831687508175
R_rxn02480_LSQBKT_c0_RSQBKT_	-5259.794091523947	-13658.223241504358
M_cpd00936_c0	-4967.982612819551	-12900.469943328522
M_cpd11583_c0	13819.917961500954	335.92192155812586
R_rxn12643_LSQBKT_c0_RSQBKT_	13010.289378198226	-210.98411206155822
R_rxn03079_LSQBKT_c0_RSQBKT_	-5697.925352310189	-11698.11056023582
R_rxn02264_LSQBKT_c0_RSQBKT_	17466.46150064714	2607.359324376153
R_rxn05209_LSQBKT_c0_RSQBKT_	7213.45061632679	-12734.937228185096
M_cpd15521_c0	7106.928334327747	10899.711631540049
R_rxn08306_LSQBKT_c0_RSQBKT_	6663.428041715225	10219.526737226299
R_rxn00148_LSQBKT_c0_RSQBKT_	12131.622306510586	-12833.524076113106
R_rxn00214_LSQBKT_c0_RSQBKT_	316.951384069045	-14632.567711107191
M_cpd00043_c0	-53.1705667415786	-15447.908495677737
R_rxn05197_LSQBKT_c0_RSQBKT_	-9175.144541989031	-11403.035500848398
M_cpd00092_e0	-9684.178251205694	-12035.671796741328
R_rxn05289_LSQBKT_c0_RSQBKT_	5352.401488758014	-13622.198585512582
R_rxn10228_LSQBKT_c0_RSQBKT_	-2788.130176941011	11877.134760388588
M_cpd15691_c0	-2973.700808389872	12667.645696899697
R_rxn01977_LSQBKT_c0_RSQBKT_	-9611.924073382157	-16546.82481950953
M_cpd15269_c0	-10540.848114318691	-6142.51748315494
R_rxn09448_LSQBKT_c0_RSQBKT_	-1306.024428400551	-745.8660686886182
M_cpd15274_c0	-10646.506412116283	-5957.507970348583
R_rxn03421_LSQBKT_c0_RSQBKT_	1270.8028136696776	804.4104728117547
M_cpd11591_c0	12219.958646797064	-6463.403644409784
R_rxn12635_LSQBKT_c0_RSQBKT_	12063.133497571767	-4877.802191536873
R_rxn00213_LSQBKT_c0_RSQBKT_	1699.3713307506414	-12900.5535183659
M_cpd15753_c0	-4944.536338870862	11153.096448681215
R_rxn10314_LSQBKT_c0_RSQBKT_	-621.53832754192	1369.5642034590394
M_cpd15771_c0	-5138.546803398921	11065.050237087888
R_rxn00493_LSQBKT_c0_RSQBKT_	5869.443463192775	-11613.00036305793
R_rxn00789_LSQBKT_c0_RSQBKT_	-6527.489334451694	-19551.12342011628
R_rxn06077_LSQBKT_c0_RSQBKT_	8563.133983617705	-9797.187370802478
M_cpd01914_c0	8865.517177481179	-10606.86481368487
R_rxn02895_LSQBKT_c0_RSQBKT_	16654.228030427683	-15787.570829944578
R_rxn09211_LSQBKT_c0_RSQBKT_	8667.376794768352	8585.835981284006
M_cpd15558_c0	9244.254660125065	9157.286703972744
R_rxn02312_LSQBKT_c0_RSQBKT_	14699.841245749278	-6779.82384356469
M_cpd02701_c0	15347.968185403535	-7131.735313361041
R_rxn00438_LSQBKT_c0_RSQBKT_	3562.7075743230416	-12514.76163336167
R_rxn10474_LSQBKT_c0_RSQBKT_	12572.37325832978	3353.7403974121517
M_cpd00149_e0	13356.938819793337	3563.026994606946
R_rxn01643_LSQBKT_c0_RSQBKT_	12952.651560274408	-9709.797194489745
M_cpd15418_c0	-1489.5778454958013	-207.7831615123964
R_rxn09209_LSQBKT_c0_RSQBKT_	-12104.5767437576	-1522.8991609698392
M_cpd15556_c0	-12910.225622112614	-1624.2593346344004
R_rxn02431_LSQBKT_c0_RSQBKT_	1157.6722819013555	-12960.398870702913
M_cpd02616_c0	-10109.367201767496	-13572.857870759113
R_rxn01999_LSQBKT_c0_RSQBKT_	-9669.725612279148	-12982.594139201634
M_cpd00521_c0	-9147.218029381358	-12448.658816232399
M_cpd00247_c0	-514.8006438054216	-16916.16848748964
R_rxn01362_LSQBKT_c0_RSQBKT_	-492.4127169653843	-16180.509068511124
M_cpd12225_c0	-8811.166783792723	8438.2071501112
R_rxn06493_LSQBKT_c0_RSQBKT_	-1095.2708775425351	1030.726784752975
M_cpd12005_c0	-8957.178034529548	8283.052677469905
R_rxn02402_LSQBKT_c0_RSQBKT_	-1915.127294268286	-14510.161385964962
M_cpd15681_c0	-12108.959890677897	4762.901884980831
R_rxn10224_LSQBKT_c0_RSQBKT_	-11353.313146808357	4465.678066151717
R_rxn10231_LSQBKT_c0_RSQBKT_	-12175.534149170735	-772.2487826971611
M_cpd15694_c0	-12985.905766312262	-823.6476361029181
R_rxn02811_LSQBKT_c0_RSQBKT_	13081.520778477327	-11863.785825876408
R_rxn05939_LSQBKT_c0_RSQBKT_	14639.0794484609	-6910.043191011886
R_rxn01019_LSQBKT_c0_RSQBKT_	14462.267651694625	-2248.4017369561097
M_cpd00064_c0	13662.705004502026	-2105.5801955649454
R_rxn00412_LSQBKT_c0_RSQBKT_	2841.176118215243	-12698.025920011478
M_cpd15525_c0	-12861.896303240108	-1970.7276536088052
R_rxn08310_LSQBKT_c0_RSQBKT_	-12059.263364550363	-1847.7464935465173
R_rxn03135_LSQBKT_c0_RSQBKT_	-5009.659519935908	-13751.938317717817
R_rxn00469_LSQBKT_c0_RSQBKT_	14443.227320650763	-2367.631847227803
R_rxn12512_LSQBKT_c0_RSQBKT_	9433.44084768064	-8962.273024925671
R_rxn00791_LSQBKT_c0_RSQBKT_	-11888.111119908432	-13059.418593517457
M_cpd00286_c0	2545.4808968009406	-15236.837959498731
R_rxn08040_LSQBKT_c0_RSQBKT_	2366.7088913931125	-14443.378587553565
M_cpd00946_c0	2450.5209655326603	-15252.39820479012
R_rxn01636_LSQBKT_c0_RSQBKT_	14483.128861726034	-2109.8517423360145
M_cpd00311_c0	13842.65313785773	-6857.233998118889
R_rxn00914_LSQBKT_c0_RSQBKT_	13115.035689130355	-6496.794199667793
M_cpd00126_c0	11045.42373194632	-8312.736648165695
R_rxn03843_LSQBKT_c0_RSQBKT_	-3934.500156207798	-18727.151532488886
M_cpd08211_c0	-4086.649514255132	-19451.34112979458
M_cpd00235_c0	-11838.424975049285	-2948.1679243437443
R_rxn01329_LSQBKT_c0_RSQBKT_	-1456.1963501835166	-376.1757431204262
M_cpd00485_c0	-11785.136468761919	-3154.4505722324875
R_rxn04047_LSQBKT_c0_RSQBKT_	15604.694511983847	4306.373554124306
M_cpd00305_e0	-416.5041726181593	-16918.87408411658
R_rxn05177_LSQBKT_c0_RSQBKT_	-398.39101550122683	-16183.09700269908
M_cpd00305_c0	3024.984745791765	-15148.93300822626
M_cpd00295_c0	5187.542067337937	-12813.757579242681
R_rxn01353_LSQBKT_c0_RSQBKT_	5333.705624812417	-11868.602626587697
M_cpd00073_e0	15437.608736595863	566.5161037244478
R_rxn05667_LSQBKT_c0_RSQBKT_	14626.154937132123	536.7380692718164
M_cpd00073_c0	13814.701137668384	506.9600348191848
M_cpd15237_c0	-11728.25381290989	-3359.771197561618
R_rxn09450_LSQBKT_c0_RSQBKT_	-1442.172046417041	-426.7971280752529
M_cpd15238_c0	-11667.794355172904	-3564.067183064221
R_rxn01213_LSQBKT_c0_RSQBKT_	-4140.269477768785	-20191.89720287463
R_rxn01917_LSQBKT_c0_RSQBKT_	16130.00312405516	1369.0665498692124
R_rxn01100_LSQBKT_c0_RSQBKT_	14402.098831228699	-14745.64658655296
M_cpd01974_c0	5107.992560272748	11079.188237601087
R_rxn02339_LSQBKT_c0_RSQBKT_	617.7565654430971	1371.274161446918
M_cpd00830_c0	4913.739865593879	11166.698730299544
R_rxn02175_LSQBKT_c0_RSQBKT_	13064.608510045191	-9558.626913906348
R_rxn00288_LSQBKT_c0_RSQBKT_	12699.766390657485	-2833.386246653732
M_cpd00982_c0	13524.128768955865	-2863.7243304306244
M_cpd00015_c0	11937.191948148367	-2518.620335235502
M_cpd00408_c0	-4665.342823333555	-14726.685993147612
R_rxn01790_LSQBKT_c0_RSQBKT_	-3855.1270430245067	-14119.15335571298
M_cpd00712_c0	-3641.245985431176	-13335.827821083376
M_cpd02636_c0	-219.8723659968194	-16922.571676393367
R_rxn03075_LSQBKT_c0_RSQBKT_	-210.31043847533164	-16186.633792097366
R_rxn00747_LSQBKT_c0_RSQBKT_	-8644.108247263568	-13686.881916988614
R_rxn00707_LSQBKT_c0_RSQBKT_	-9796.482221089875	-7271.102811257038
M_cpd00367_c0	-10448.51038203454	-7755.048342629237
R_rxn03108_LSQBKT_c0_RSQBKT_	-304.35586447135535	-16185.138600202406
R_rxn03512_LSQBKT_c0_RSQBKT_	11418.954553786984	4295.052607192084
R_rxn00237_LSQBKT_c0_RSQBKT_	-2317.081101942054	-14451.423153690539
M_cpd00738_c0	15829.579013968681	-16448.16136352396
R_rxn00420_LSQBKT_c0_RSQBKT_	15912.790398307054	-16534.624451119136
M_cpd15752_c0	5300.687454642261	10988.298890556178
R_rxn10313_LSQBKT_c0_RSQBKT_	665.2651019628556	1348.8655767385983
M_cpd15770_c0	5491.765781943759	10894.058407970451
R_rxn01268_LSQBKT_c0_RSQBKT_	13990.69042443639	-4298.031810908789
M_cpd15677_c0	-9195.7535036472	9205.99052248916
R_rxn10220_LSQBKT_c0_RSQBKT_	-8621.902301298473	8631.50048988379
M_cpd00152_c0	13808.589382664723	-652.560541987534
R_rxn00858_LSQBKT_c0_RSQBKT_	12764.54742319725	2525.563913455455
R_rxn10571_LSQBKT_c0_RSQBKT_	5411.372455139149	-11833.39309546342
M_cpd10516_e0	5447.863832702806	-12705.264879581562
R_rxn05195_LSQBKT_c0_RSQBKT_	5681.764784099891	-11705.968261453741
M_cpd10516_c0	5327.200304797007	-10975.469780951094
R_rxn01208_LSQBKT_c0_RSQBKT_	14634.041531103561	239.42528257500265
M_cpd00001_e0	769.997106369226	1291.9444477929453
R_rxn05319_LSQBKT_c0_RSQBKT_	6245.987166026966	10479.86852598001
M_cpd00011_e0	-225.515029947356	1486.9966278602797
R_rxn05467_LSQBKT_c0_RSQBKT_	-1829.3107482431803	12062.073710036844
M_cpd03443_c0	-11187.090813691173	4867.134590929923
R_rxn03393_LSQBKT_c0_RSQBKT_	-1373.8381425678017	612.0332981348747
M_cpd03444_c0	-11100.39107067957	5061.75049542915
M_cpd01772_c0	19767.22333282125	-8072.470855343313
R_rxn02832_LSQBKT_c0_RSQBKT_	19082.14721506705	-7792.701820454119
M_cpd03451_c0	18400.774211462867	-7514.445050618381
M_cpd00421_c0	13761.874802217682	-1309.1134129959948
R_rxn10052_LSQBKT_c0_RSQBKT_	14570.225665889613	-1386.0086742338929
M_cpd11524_c0	-12198.755872577904	-174.22732634723388
R_rxn05388_LSQBKT_c0_RSQBKT_	-1503.9768402234897	-8.346500546180643
M_cpd11525_c0	-12199.938225653472	38.82383596720829
M_cpd11495_c0	-11619.851056951122	3717.399818996054
R_rxn05359_LSQBKT_c0_RSQBKT_	-1422.652578138025	487.929955953957
M_cpd11496_c0	-11540.1339450026	3957.9424618605453
R_rxn02288_LSQBKT_c0_RSQBKT_	17483.2250725915	2492.4768927931864
M_cpd02083_c0	18215.81774267744	2596.918166896638
M_cpd11488_c0	21502.91491064002	-7664.348266211238
R_rxn08766_LSQBKT_c0_RSQBKT_	21615.949332809145	-7704.637463335181
R_rxn08019_LSQBKT_c0_RSQBKT_	19415.545914583498	-6920.341092655776
M_cpd15268_c0	20112.591517959772	-7168.791141586752
R_rxn00737_LSQBKT_c0_RSQBKT_	12788.22173362468	2402.8168660240003
M_cpd11532_c0	-11132.38191339243	-4990.999191982812
R_rxn05396_LSQBKT_c0_RSQBKT_	-1366.9606257144649	-627.2436908780501
M_cpd11533_c0	-11043.527488362779	-5184.640837490642
M_cpd03422_c0	12098.993288894635	-1566.640161390793
R_rxn05029_LSQBKT_c0_RSQBKT_	12900.384823638724	-1700.6514640077485
M_cpd03918_c0	13789.257468875692	-979.4664144604113
M_cpd00355_e0	10459.920094027266	7739.652164442831
R_rxn10181_LSQBKT_c0_RSQBKT_	9807.17992215898	7256.6674151708075
R_rxn01675_LSQBKT_c0_RSQBKT_	-7475.027691831743	-10650.638713539607
M_cpd00626_c0	-7974.496774960074	-11292.049290813045
R_rxn01644_LSQBKT_c0_RSQBKT_	13008.849622664357	-9634.374681052499
M_cpd02120_c0	13600.307080181094	-10072.409012980757
R_rxn01997_LSQBKT_c0_RSQBKT_	-8442.906163072606	-11955.326491633368
M_cpd11515_c0	-11870.417209016343	2816.592850216134
R_rxn05379_LSQBKT_c0_RSQBKT_	-1460.2817928062982	359.990396536385
M_cpd11516_c0	-11819.421495284	3023.45423593918
M_cpd11507_c0	1398.6229653597813	12119.56491796501
R_rxn05371_LSQBKT_c0_RSQBKT_	159.36787900182935	1495.5326406141921
M_cpd11508_c0	1186.7679960274818	12142.140738914406
R_rxn00300_LSQBKT_c0_RSQBKT_	19017.178518004035	2129.1822877259337
R_rxn00392_LSQBKT_c0_RSQBKT_	12816.278937760366	-2248.3634469364656
M_cpd00050_c0	13735.091401554124	-1565.3243085552442
M_cpd03447_c0	974.5510943842954	12161.013533601315
R_rxn03397_LSQBKT_c0_RSQBKT_	107.0462310681186	1500.185689977781
M_cpd03448_c0	762.0369808758979	12176.177546331097
M_cpd00058_e0	-4552.051185993297	11318.958874388449
R_rxn10481_LSQBKT_c0_RSQBKT_	-573.3336576991801	1390.4332119700246
M_cpd00058_c0	-4749.017923783486	11237.741265912076
M_cpd00906_c0	-4180.77183742448	-19431.328385969868
R_rxn13477_LSQBKT_c0_RSQBKT_	-4025.1182270554864	-18707.88387975042
R_rxn10954_LSQBKT_c0_RSQBKT_	20805.869307263743	-7415.8982172802625
R_rxn02914_LSQBKT_c0_RSQBKT_	15316.442143882085	-15914.972323353655
M_cpd00042_c0	7163.109172930738	-9875.72108641569
R_rxn00350_LSQBKT_c0_RSQBKT_	7761.760977911905	-10443.524813096585
R_rxn03536_LSQBKT_c0_RSQBKT_	14599.216747284769	-1036.9987298931264
M_cpd03919_c0	15409.176025693843	-1094.5310453258417
R_rxn05054_LSQBKT_c0_RSQBKT_	14609.249705510272	-884.4880112517176
M_cpd03917_c0	15416.783228177028	-981.579795737215
M_cpd02039_c0	15422.598413332422	-885.5293225389371
R_rxn02160_LSQBKT_c0_RSQBKT_	-10776.610542174218	-12079.569910485203
M_cpd02590_c0	-4491.237687295607	-20874.30688756433
R_rxn12008_LSQBKT_c0_RSQBKT_	-4646.049926797742	-21593.840882939345
M_cpd02557_c0	-4801.703537166735	-22317.28538915879
R_rxn05039_LSQBKT_c0_RSQBKT_	14627.609735276525	-495.5092657493717
R_rxn02269_LSQBKT_c0_RSQBKT_	7317.594700681074	-12675.381800820214
M_cpd00760_c0	4836.5497841243905	-14671.34929669682
R_rxn03891_LSQBKT_c0_RSQBKT_	-4335.584076926614	-20150.862381344883
R_rxn01256_LSQBKT_c0_RSQBKT_	15418.514916268696	-4931.606409355853
R_rxn00102_LSQBKT_c0_RSQBKT_	17613.241720914833	1284.257015018855
R_rxn09562_LSQBKT_c0_RSQBKT_	5546.934533977173	-11770.457139625947
M_cpd02685_c0	15713.57734206092	-6285.32124199469
R_rxn01972_LSQBKT_c0_RSQBKT_	15781.570784438209	-3604.631406366869
M_cpd00063_e0	13245.921702359326	3955.8228290668153
R_rxn05513_LSQBKT_c0_RSQBKT_	12489.56356188342	3650.0610999918795
M_cpd00063_c0	11697.512997585134	3465.2834907589977
R_rxn03537_LSQBKT_c0_RSQBKT_	14561.724906881385	-1472.638358970171
M_cpd03920_c0	13692.673168503989	-1900.9675169583802
M_cpd02465_c0	16780.443058697656	2199.6605996847848
R_rxn03030_LSQBKT_c0_RSQBKT_	17510.19997734582	2295.320621037184
M_cpd03289_c0	17194.955591600774	-6549.313109241095
R_rxn00119_LSQBKT_c0_RSQBKT_	2999.533852033342	-14325.337436532027
R_rxn01265_LSQBKT_c0_RSQBKT_	-1791.1240405362198	-14525.989490269267
M_cpd08316_c0	-10042.51928242857	6927.323181579619
R_rxn03919_LSQBKT_c0_RSQBKT_	-1230.5245803548582	864.768903894272
M_cpd04920_c0	-9920.017382678116	7101.637496195086
R_rxn01068_LSQBKT_c0_RSQBKT_	12705.723678978818	2806.5512276523527
M_cpd02211_c0	13498.61083140203	2981.6910675581094
M_cpd11520_c0	9492.36053015413	7663.882277643101
R_rxn05384_LSQBKT_c0_RSQBKT_	1161.9114567101376	954.9752702377826
M_cpd11521_c0	9357.080128312657	7828.476957386821
R_rxn02831_LSQBKT_c0_RSQBKT_	20448.59633642543	-8350.72762517905
M_cpd02021_c0	21133.672454179632	-8630.496660068244
R_rxn11650_LSQBKT_c0_RSQBKT_	14544.049743149577	-1638.021083133773
M_cpd03915_c0	15350.948376070966	-1728.897901902878
M_cpd01270_c0	15339.881222366039	-1824.4857038907685
M_cpd00045_c0	13800.347268528281	-808.326213866666
R_rxn00137_LSQBKT_c0_RSQBKT_	14616.136756963417	-762.2613080453053
R_rxn03150_LSQBKT_c0_RSQBKT_	9174.668064588497	-11403.418869120786
M_cpd03423_c0	13543.734861830728	-2769.5165629457847
R_rxn00172_LSQBKT_c0_RSQBKT_	12851.000197220108	-9843.939147061443
R_rxn00917_LSQBKT_c0_RSQBKT_	11863.868017748464	-8570.94695220109
R_rxn00274_LSQBKT_c0_RSQBKT_	14291.497983825238	3156.8309074638696
M_cpd11536_c0	-5330.990149395471	10973.629482857914
R_rxn05400_LSQBKT_c0_RSQBKT_	-668.9848453190318	1347.024601383906
M_cpd11537_c0	-5521.807686817354	10878.86206686181
R_rxn03540_LSQBKT_c0_RSQBKT_	16097.889856213147	1705.6629729315857
M_cpd03916_c0	16829.792928499588	1783.212265498774
R_rxn01538_LSQBKT_c0_RSQBKT_	3319.497552094926	-14254.593365004692
M_cpd11540_c0	-11934.155633762108	-2532.9684777241437
R_rxn05404_LSQBKT_c0_RSQBKT_	-1468.4443865471146	-325.0954992279474
M_cpd11541_c0	-11888.103080211205	-2740.9861645533447
M_cpd11528_c0	7156.579622634864	9880.453841038247
R_rxn05392_LSQBKT_c0_RSQBKT_	892.8558065517852	1210.299346734832
M_cpd11529_c0	7328.028860198885	9753.973191684105
M_cpd11503_c0	-9151.987450769708	-8067.287381825057
R_rxn05367_LSQBKT_c0_RSQBKT_	-1119.51806917973	-1004.3382362431937
M_cpd11504_c0	-9009.714363268808	-8225.876676215597
M_cpd03494_c0	2741.382270149994	-15202.813136025427
R_rxn03408_LSQBKT_c0_RSQBKT_	-586.4177947183196	-16177.374885006458
M_cpd11484_c0	7828.761736929797	9356.841863918828
R_rxn06729_LSQBKT_c0_RSQBKT_	975.1547415039654	1145.028047744829
M_cpd02886_c0	7990.96473762123	9218.702867654109
R_rxn00470_LSQBKT_c0_RSQBKT_	12958.040719242383	1183.7756199788646
M_cpd12370_c0	12162.657461023267	-953.8152262440768
R_rxn06023_LSQBKT_c0_RSQBKT_	12961.094745936045	-1149.8552025664235
M_cpd00111_c0	6743.732085528704	-12067.520605269778
R_rxn00086_LSQBKT_c0_RSQBKT_	7665.14325491686	-10514.643259835426
R_rxn03086_LSQBKT_c0_RSQBKT_	16396.937831528943	-6558.660667314241
R_rxn01332_LSQBKT_c0_RSQBKT_	-1045.5002743968478	-17629.025190753917
R_rxn03904_LSQBKT_c0_RSQBKT_	2686.9563246769117	-14387.243019747693
M_cpd02968_c0	2646.6304795517685	-15219.59431472165
R_rxn08618_LSQBKT_c0_RSQBKT_	549.0371066784828	-14625.698419408562
M_cpd15489_c0	483.32809364146397	-15440.437103718823
M_cpd15479_c0	579.4974872895056	-15437.126891433689
R_rxn00833_LSQBKT_c0_RSQBKT_	-4965.601509585143	-15407.600255977753
R_rxn01258_LSQBKT_c0_RSQBKT_	16349.248972350284	-6676.6502110042575
M_cpd00658_c0	17034.325090104485	-6956.41924589345
R_rxn00611_LSQBKT_c0_RSQBKT_	-8791.019792504825	-13592.98771454563
M_cpd00080_c0	-9190.71033903828	-14211.003464354475
R_rxn00122_LSQBKT_c0_RSQBKT_	12763.310590536765	-2531.807016636947
R_rxn01117_LSQBKT_c0_RSQBKT_	-1312.483816890606	-14577.032696348055
M_cpd00817_c0	-2588.551132107974	-15229.580001971904
R_rxn04675_LSQBKT_c0_RSQBKT_	17715.698093708666	-7234.676015729188
M_cpd04122_c0	457.4676622173657	1432.7384053013232
R_rxn05735_LSQBKT_c0_RSQBKT_	3710.841408944057	11621.947170662328
R_rxn02929_LSQBKT_c0_RSQBKT_	17622.179448660285	1155.1586381164532
M_cpd11511_c0	4520.798499711502	11331.47743787218
R_rxn05375_LSQBKT_c0_RSQBKT_	569.4944898487681	1392.0100667853992
M_cpd11512_c0	4717.98861245151	11250.803680305593
R_rxn09128_LSQBKT_c0_RSQBKT_	19368.321067828434	-7051.431274111177
M_cpd15358_c0	20082.71622687605	-7252.062668701186
M_cpd11499_c0	-6835.099212976692	10105.51427433386
R_rxn05363_LSQBKT_c0_RSQBKT_	-853.4678975817536	1238.3894976126783
M_cpd11500_c0	-7010.527660282551	9984.613258630163
M_cpd02295_c0	22518.267471878247	-9143.962273814888
R_rxn02898_LSQBKT_c0_RSQBKT_	21261.899355853442	-8633.790580131008
R_rxn03538_LSQBKT_c0_RSQBKT_	12739.047119748508	-2651.1926525296612
M_cpd00166_c0	11989.816666272814	-2254.8384219643476
M_cpd11295_c0	14387.248865343017	-5625.635438480355
R_rxn08349_LSQBKT_c0_RSQBKT_	13631.005592514266	-5329.932695339104
M_cpd00869_c0	12262.86271041992	-6381.627860146078
M_cpd11217_c0	22481.887501528043	-9233.046646077182
R_rxn05023_LSQBKT_c0_RSQBKT_	22629.45049099549	-9189.110211309036
R_rxn00471_LSQBKT_c0_RSQBKT_	11242.885036804033	-6550.548072429358
R_rxn09429_LSQBKT_c0_RSQBKT_	17981.379388412814	-6546.486942625242
M_cpd00070_c0	17320.059917673363	-6210.919774735833
M_cpd00085_c0	4435.94271586826	-16332.305049243212
R_rxn00346_LSQBKT_c0_RSQBKT_	4628.855374747893	-17042.57310149109
M_cpd00506_c0	8534.444481450026	-10875.027972058151
R_rxn00351_LSQBKT_c0_RSQBKT_	7614.546534843628	-10551.342334921224
R_rxn01791_LSQBKT_c0_RSQBKT_	4243.030056988619	-15622.036996995339
R_rxn01501_LSQBKT_c0_RSQBKT_	-291.2187001402564	1475.5364003265454
R_rxn00250_LSQBKT_c0_RSQBKT_	17617.980574183177	1217.5222740074191
R_rxn00646_LSQBKT_c0_RSQBKT_	8700.616308010549	-9675.299471374563
M_cpd00013_e0	40.430834118715325	1503.4564668298397
R_rxn05466_LSQBKT_c0_RSQBKT_	327.9628831438344	12195.591020827158
R_rxn09433_LSQBKT_c0_RSQBKT_	18055.05500993886	-6340.464067249472
R_rxn05287_LSQBKT_c0_RSQBKT_	-4984.355059453771	-16942.01300440115
M_cpd02591_c0	-5193.212519476183	-17651.927479104255
M_cpd16335_c0	18535.525465046434	-7175.630406773698
R_rxn11703_LSQBKT_c0_RSQBKT_	19221.888251435754	-7441.341011492225
R_rxn05108_LSQBKT_c0_RSQBKT_	12542.737281016996	-3462.93018979395
R_rxn11702_LSQBKT_c0_RSQBKT_	17845.432446122384	-6908.475722681701
R_rxn05744_LSQBKT_c0_RSQBKT_	18085.539649297047	-6252.979417342146
R_rxn03892_LSQBKT_c0_RSQBKT_	-5400.941020255223	-18358.004578268425
R_rxn02155_LSQBKT_c0_RSQBKT_	-1853.1425664007918	-14518.207831154417
R_rxn00258_LSQBKT_c0_RSQBKT_	16623.49229054954	-5961.1327837953695
R_rxn05104_LSQBKT_c0_RSQBKT_	15076.436084423405	-5895.118233953909
R_rxn05909_LSQBKT_c0_RSQBKT_	10724.707738734853	-7368.363992008046
R_rxn00178_LSQBKT_c0_RSQBKT_	-3469.1732292977676	14218.907591834322
R_rxn05024_LSQBKT_c0_RSQBKT_	21227.549143559314	-8717.904642617646
R_rxn00134_LSQBKT_c0_RSQBKT_	12197.654470165902	-10642.770758897412
R_biomass0	797.7252037236608	-1275.009999703549
M_cpd17041_c0	11792.597764851042	-3126.441740450353
M_cpd17042_c0	11855.724383984907	-2877.811552375468
M_cpd17043_c0	855.0855692316167	-12169.997069403584
M_cpd03425_c0	11611.930330704961	3742.068144068753
M_cpd15868_c0	935.5784597878819	-12164.07386304362
M_cpd00131_c0	11730.997428897263	3350.1789986813865
M_ARCN_e0	11652.044672843886	3615.2254344716102
M_cpd16579_c0	-8423.507307340233	-8825.220940191
M_SATARCHL_c0	-1821.662862633553	-12063.23109348825
M_SATARCHLS_c0	6141.896125165061	-10541.210176620254
M_cpd11416_c0	7082.768015819504	-9933.498740830657
R_HdrABC	8515.973283966166	-9838.208324017869
R_Eha_FSLASH_Ehb	8103.058632529455	-12188.22943654204
M_cpd00027_c0	-9890.325707119786	-17240.557804406606
R_rxn04042_LSQBKT_c0_RSQBKT_	-9522.100660668362	-16598.677507804627
R_rxn04043_LSQBKT_c0_RSQBKT_	-8071.040870769799	-14032.449652942409
M_cpd03285_c0	9452.8745659431	-12218.177705392323
R_rxn04026_LSQBKT_c0_RSQBKT_	8955.998973792284	-11575.948271369889
M_cpd00460_c0	8437.64244976277	-10950.30437430674
M_cpd08367_c0	12142.78861210947	-11788.74296613615
R_rxn04934_LSQBKT_c0_RSQBKT_	12157.074951465862	-10689.100646192892
R_rxn04036_LSQBKT_c0_RSQBKT_	12551.481680031116	-12423.200378157124
R_rxn07741_LSQBKT_c0_RSQBKT_	16050.686140049496	2104.000578332386
M_cpd00607_c0	13499.512887332552	-12502.9257297939
R_rxn05109_LSQBKT_c0_RSQBKT_	14060.710910138418	-12980.096482750598
R_rxn02749_LSQBKT_c0_RSQBKT_	12956.597695124614	-12000.09067326958
M_cpd01502_c0	15258.799825488157	-7320.5740134010375
R_rxn02751_LSQBKT_c0_RSQBKT_	14595.216944871325	-7002.212959639329
M_cpd03593_c0	13928.027635555487	-6682.121682759349
R_rxn00735_LSQBKT_c0_RSQBKT_	13195.922609657568	-6330.886389750507
R_rxn08043_LSQBKT_c0_RSQBKT_	7739.645305358506	-12422.173181341583
R_rxn08764_LSQBKT_c0_RSQBKT_	5191.149446915966	-13684.460655056306
R_rxn00405_LSQBKT_c0_RSQBKT_	12966.25782860015	-1090.0926209572021
M_cpd00029_e0	13482.343619290159	-10229.769622595903
R_rxn10904_LSQBKT_c0_RSQBKT_	12896.016220105714	-9784.891907975802
M_cpd00278_c0	-9447.257408688623	-10092.190220857803
R_rxn10561_LSQBKT_c0_RSQBKT_	-10002.174438192036	-10684.989588576014
M_cpd11175_c0	-10557.091467695454	-11277.788956294218
R_rxn06696_LSQBKT_c0_RSQBKT_	-6576.743010640841	-13075.127049936717
R_ATPS	8895.103939243052	-11622.806111695349
R_Fdh	-7186.231227615599	-10847.590734501482
R_Hdr_formate	8468.616079615713	-9879.00226217578
R_rxn00249_LSQBKT_c0_RSQBKT_	15989.294107541677	-2528.5999965461065
R_Tfr	10370.440374487845	-7859.141838597417
R_rxn05215_LSQBKT_c0_RSQBKT_	8839.212653276767	-11665.368218369787
M_cpd00035_e0	8402.15217828047	-12963.199557710155
R_rxn13660_LSQBKT_c0_RSQBKT_	7922.21556351665	-12306.542835629127
M_cpd00117_e0	7878.919325059528	-13287.713658459212
M_cpd00528_e0	-6373.50246420651	11344.18839488985
R_rxn10577_LSQBKT_c0_RSQBKT_	-5975.770831795221	10636.266401602841
M_cpd00239_e0	12099.641622123652	-9604.133308954686
R_rxn10541_LSQBKT_c0_RSQBKT_	11463.642852239887	-9099.3070371479
R_Dsr_DASH_LP	11222.892483138647	-9394.635720021828
M_cpd15886_c0	18780.06593145409	-17608.59618510906
R_rxn10434_LSQBKT_c0_RSQBKT_	18867.605082781563	-17690.674787587817
R_rxn10608_LSQBKT_c0_RSQBKT_	18692.526780126616	-17526.517582630306
M_cpd15833_c0	18604.987628799143	-17444.43898015155
R_rxn10599_LSQBKT_c0_RSQBKT_	18517.448477471666	-17362.360377672794
M_cpd02483_c0	18429.909326144192	-17280.28177519404
R_rxn10472_LSQBKT_c0_RSQBKT_	18342.37017481672	-17198.203172715283
M_cpd15888_c0	18254.831023489245	-17116.124570236527
R_rxn10612_LSQBKT_c0_RSQBKT_	18167.29187216177	-17034.04596775777
M_cpd15901_c0	18079.752720834298	-16951.967365279015
R_rxn10433_LSQBKT_c0_RSQBKT_	17992.213569506825	-16869.888762800263
M_cpd15831_c0	17904.67441817935	-16787.810160321507
R_rxn10595_LSQBKT_c0_RSQBKT_	17817.135266851874	-16705.73155784275
M_cpd15882_c0	17729.5961155244	-16623.652955363996
R_rxn10468_LSQBKT_c0_RSQBKT_	16740.403705523946	-15696.164747354054
M_cpd15908_c0	16652.864554196472	-15614.086144875298
R_rxn10610_LSQBKT_c0_RSQBKT_	16113.039787677048	-15107.934762922972
M_cpd15900_c0	15576.13299286854	-14604.519334386603
R_rxn10435_LSQBKT_c0_RSQBKT_	15036.308226349118	-14098.367952434277
M_cpd15832_c0	14499.401431540611	-13594.952523897908
R_rxn10596_LSQBKT_c0_RSQBKT_	13959.576665021188	-13088.80114194558
M_cpd15883_c0	13422.66987021268	-12585.385713409212
R_rxn10469_LSQBKT_c0_RSQBKT_	12882.845103693257	-12079.234331456884
M_cpd15909_c0	15212.33638780607	-7416.643285491853
R_rxn10611_LSQBKT_c0_RSQBKT_	14550.774134117504	-7094.1043196373275
M_cpd16398_c0	13885.616433398025	-6769.812424620548
R_rxn11855_LSQBKT_c0_RSQBKT_	13155.740686122053	-6413.967804683217
M_cpd15829_c0	11564.631466086495	-7573.788685565642
R_rxn10424_LSQBKT_c0_RSQBKT_	11120.406554721887	-6756.382320273069
M_cpd15827_c0	13629.67944218875	-2309.7216938794577
R_rxn10425_LSQBKT_c0_RSQBKT_	12776.531986610093	2464.2188204640397
M_cpd15828_c0	13303.381689621885	-3758.0595551738134
R_rxn10475_LSQBKT_c0_RSQBKT_	10758.561774742842	-7318.845027669472
M_cpd15850_c0	-8671.124157663733	-19512.03500002961
R_MptA	-8970.016410381993	-20184.61170291561
R_rxn10490_LSQBKT_c0_RSQBKT_	-8186.66850259286	-18916.474376285183
M_cpd03521_c0	-7894.344224603906	-18241.01711153912
R_rxn03168_LSQBKT_c0_RSQBKT_	-7600.4312277128365	-17561.888883397696
M_cpd02961_c0	-7308.106949723881	-16886.43161865163
R_rxn02504_LSQBKT_c0_RSQBKT_	-6978.630849224142	-16222.648102891744
M_cpd00954_c0	-6687.788702846511	-15546.551330313696
M_cpd00229_c0	-7219.696423176245	-16924.41974063442
R_rxn02503_LSQBKT_c0_RSQBKT_	-6396.94655646888	-14870.454557735648
M_cpd02920_c0	-6220.853489880997	-14140.07375714269
M_cpd00443_c0	-6843.655096615075	-15478.571023145985
R_rxn10446_LSQBKT_c0_RSQBKT_	-6546.034548806714	-14805.430614670717
M_cpd15830_c0	-6460.512399525959	-14032.194537404737
R_rxn10491_LSQBKT_c0_RSQBKT_	-5812.9989695544355	-13432.108508345184
M_cpd15851_c0	-5490.495883787955	-12686.899973993155
R_H4MPTs	-5167.992798021475	-11941.691439641127
M_cpd02041_c0	-5862.768126464438	-12519.222256007466
R_rxn10432_LSQBKT_c0_RSQBKT_	-6207.137897781656	-13254.58166514216
R_ADTHs	-726.380470939327	-16171.69488369843
M_cpd15853_c0	-7186.097189846462	-13674.820334398575
M_2ATDLH6U_c0	-807.4675797478842	-16904.72632454179
M_cpd17158_c0	-711.3381297426585	-16909.044149956386
R_ADTHOR	-1333.395217120406	-17609.58992126053
R_3DHQAT	-1491.024119418383	-19077.8233316936
M_2A3DHQ_c0	-1548.6828698557576	-19815.573606853155
R_4ADSs	-1606.0299513718403	-20549.336042687526
M_4A3DHS_c0	-8583.102019891368	-19550.914651650874
R_4ASDH	-8334.992841611316	-18851.58980909271
M_4ASKM_c0	-8037.372293802956	-18178.449400617443
R_4ASDHT	-7738.134243017376	-17501.65062035698
M_4A3H15D1C_c0	-7440.513695209015	-16828.510211881712
R_ABEEs	-7141.275644423436	-16151.711431621254
R_rxn00979_LSQBKT_c0_RSQBKT_	14018.238448548835	-13025.954352738503
M_cpd00139_c0	17159.069659733064	-6642.765117963174
R_rxn00512_LSQBKT_c0_RSQBKT_	17587.555510398957	1597.9646956786116
M_cpd00040_c0	16854.574714495582	1531.3677525291519
R_rxn00272_LSQBKT_c0_RSQBKT_	17579.81902311686	1680.9411394985195
R_COMs	8119.439548397304	-10167.93220964429
R_rxn00529_LSQBKT_c0_RSQBKT_	12596.315957743374	-3262.662761104738
M_cpd00374_c0	12305.219539478114	-6299.567293492945
R_MfnD	13905.728319477572	-4565.437098994954
M_GGT_c0	4926.863701766681	-14641.267638569207
R_MfnB	-8578.675775309981	-13727.988415718804
M_4HM2FCP_c0	-8968.711936085132	-14352.142077318078
R_MfnC	-5058.58957300133	-16919.99620366158
M_5AM3FMP_c0	-1185.6987613341357	-16882.413762473974
R_F1Pp	-1134.1344568941734	-16148.222287102855
M_5AM3FMPP_c0	-724.841574480796	-15430.985344167242
R_F1PPc	-600.5565756906042	-14623.673539825579
M_AEPM2FMA_c0	219.9566538843831	-13822.250000286205
R_MFs	1406.47121459814	-12935.76370851396
R_rxn10508_LSQBKT_c0_RSQBKT_	15960.810079971121	2702.5701824545126
M_cpd00244_c0	16721.143730440075	2612.494659509286
M_cpd15873_c0	16678.380835323824	2872.871161730539
R_rxn10509_LSQBKT_c0_RSQBKT_	17369.131973295905	3191.9985110005764
M_cpd15874_c0	16108.222042364818	5191.046005755699
R_rxn10510_LSQBKT_c0_RSQBKT_	15407.699032250157	4965.295009523358
M_cpd15875_c0	14703.368831863134	4738.317105702795
R_rxn10511_LSQBKT_c0_RSQBKT_	13930.509206573592	4489.254865294284
M_cpd15905_c0	13157.649581284048	4240.1926248857735
R_rxn10512_LSQBKT_c0_RSQBKT_	12384.789955994505	3991.1303844772633
M_cpd00244_e0	18179.451940445368	2840.339265833778
R_rxn05174_LSQBKT_c0_RSQBKT_	17448.32180805789	2726.108230142637
R_rxn10499_LSQBKT_c0_RSQBKT_	14522.097046909726	-1822.4141571376636
M_cpd00180_c0	15327.77775216326	-1923.5210371319095
M_cpd15839_c0	14791.012748747067	-4457.201573454105
R_rxn01053_LSQBKT_c0_RSQBKT_	-7173.732611510179	-12757.353033390405
M_cpd00159_c0	-5979.393960260673	-14243.860146322631
M_cpd15809_c0	-3676.0397442506405	-15004.247258649455
R_rxn10567_LSQBKT_c0_RSQBKT_	11028.326885210427	-11850.204644348758
M_cpd15889_c0	12578.178768591988	-8968.284276568276
R_rxn10420_LSQBKT_c0_RSQBKT_	-2376.2902402268955	-14441.80531284792
R_rxn10566_LSQBKT_c0_RSQBKT_	11917.026440776302	-8496.880416355081
M_cpd15864_c0	3951.361191764513	-14934.103546320326
R_rxn10525_LSQBKT_c0_RSQBKT_	-3557.8026159110705	-14196.990404526457
M_cpd15865_c0	-6125.058091227085	-12393.007680909974
R_rxn10526_LSQBKT_c0_RSQBKT_	-5587.8779377452465	-11751.075021156998
R_rxn10527_LSQBKT_c0_RSQBKT_	-1767.62536269753	-12891.378691868003
R_rxn05734_LSQBKT_c0_RSQBKT_	16121.593918592203	1464.770809379692
R_rxn01361_LSQBKT_c0_RSQBKT_	-537.1885706454666	-17651.827906468152
M_cpd00204_c0	-4867.842332305323	-12938.589066347855
R_CODH	-5124.509252012999	-13709.555095845859
R_ACS	-2710.29372688751	-12726.604099837246
R_rxn10480_LSQBKT_c0_RSQBKT_	-5183.01070619282	-13687.545288308294
M_cpd00204_e0	-5893.421273550097	-14279.645993247423
R_FNO	-7135.244731120112	-10881.196010872272
M_cpd00131_e0	13292.566266973423	3796.1372522763513
R_Mot	12511.781847935343	3573.158125478869
R_HcyS	11114.315376113513	-9522.840422914096
R_MetS	7714.21045347211	-10478.697489647348
M_cpd03523_c0	-5113.434186344372	-12843.510689134986
R_rxn02430_LSQBKT_c0_RSQBKT_	-4744.700850186129	-12116.103244948148
R_H4MPT3M2Om	-3471.0319932441294	-12540.497633741481
R_H4MPTdUMPm	-5413.789261526064	-13597.918290377576
R_FH4MPTAf	-4143.861138091617	-12334.527103550183
R_HPAr	-1217.9551160547917	-17617.950656511555
R_rxn02377_LSQBKT_c0_RSQBKT_	-11272.612978958483	-4665.640001823623
M_cpd03732_c0	-12022.888531328506	-4976.172762600736
M_cpd02782_c0	22505.9692269145	3820.8550295944938
R_rxn00298_LSQBKT_c0_RSQBKT_	22624.276407010424	3840.940126999056
R_UGAor	21776.40828298964	3696.996928933029
M_U2A2D3OG_c0	21055.422030372585	3546.421735059279
R_UGNAa	20325.700584958773	3423.512776463182
M_U2A3A23DDG_c0	19599.92357979044	3301.268190616253
R_UGNAna	18870.20213437663	3178.3592320201556
M_U23DA23DDG_c0	18144.425129208295	3056.1146461732264
R_UGNAe	18889.93570943102	3058.8927561395026
M_U23DA23DDM_c0	18163.39972060675	2941.2430347495215
R_UMNAat	17432.915166625826	2822.9539126998125
M_U3A23DAM_c0	16500.593876570972	3761.9380271966884
M_N2A24D5MH4U15P_c0	15020.519513150595	3608.9745849842434
R_2NACmt	15740.042068803847	3781.853999334861
M_N2A24D5MAEH5U15P_c0	16455.675313345462	3953.7989303646605
R_TSot	12659.44701759411	3008.4124066902123
M_LIP4SUG_c0	13459.6045517203	3153.097098300359
M_LIP4SUGT_c0	13419.868188519928	3318.149153180261
R_GLCgt	17400.29900144055	3017.4815095484764
M_LIP1SUG_c0	18118.22978448843	3207.763937149407
M_LIP2SUG_c0	16478.937641816377	3855.695812318092
R_MANgt	15772.713709194568	3643.1917665401197
M_LIP3SUG_c0	15051.697638969465	3476.651001328871
R_2NACgt	14250.20053667378	3338.305058646127
M_LIP4SUGT_e0	13189.928217794713	4138.691775117206
R_TSost	12427.57420352825	3855.845356831524
M_FLGN_e0	13218.417166056006	4046.7794138198224
R_TSf	13964.683839383926	4381.79201538017
R_GALgt	18842.95897586797	3336.074494635383
M_MEMLIP_c0	19561.80930268857	3520.0842042836002
M_cpd00703_c0	-10054.275605526913	-11728.26696695238
R_rxn10560_LSQBKT_c0_RSQBKT_	-9491.134167300275	-11141.403332538739
M_cpd00703_e0	-9981.024953799086	-11790.667702536612
R_rxn10559_LSQBKT_c0_RSQBKT_	-8742.655304010226	-11737.90757483044
M_cpd00489_e0	-9307.783811316243	-12329.065841409041
M_cpd00489_c0	-9227.694666326186	-12389.122452581347
R_rxn10587_LSQBKT_c0_RSQBKT_	-8924.378153121692	-11600.343554398907
M_cpd00430_e0	-9457.587755540382	-12214.529784083079
M_cpd00430_c0	-9381.319739720078	-12273.204306176052
R_rxn10586_LSQBKT_c0_RSQBKT_	-10834.14928830405	-12027.990405663819
R_rxn01946_LSQBKT_c0_RSQBKT_	-136.06498241684062	-16187.428156460182
M_cpd03165_c0	14818.489787003156	-4364.981607347637
R_rxn01842_LSQBKT_c0_RSQBKT_	-2887.0744613576426	-15928.46963944046
M_cpd00452_c0	4564.519881330342	-14758.247262223927
R_rxn10563_LSQBKT_c0_RSQBKT_	14026.63066429571	-4179.24971824361
R_rxn10562_LSQBKT_c0_RSQBKT_	6808.181044616865	-12956.124685403409
R_rxn00483_LSQBKT_c0_RSQBKT_	-8892.340379185212	-9499.390853139594
R_rxn05166_LSQBKT_c0_RSQBKT_	12591.459622630311	3281.3546854417546
R_rxn10447_LSQBKT_c0_RSQBKT_	12467.877111624679	3723.4640228455874
R_rxn01491_LSQBKT_c0_RSQBKT_	-6693.5697967051465	-14739.317059370038
M_cpd00802_c0	-7271.13848649651	-13629.792702392404
R_F6PG3Pl	-8248.421628784236	-13928.922594149355
M_cpd00428_c0	-6519.164064983245	-12190.302534959135
R_2OPs	-6737.576647722443	-12992.981063484438
R_DKFPs1	-6959.3003324043	-12875.582894898289
R_DKFPs2	-6848.690045160335	-12934.757077940109
R_rxn01618_LSQBKT_c0_RSQBKT_	-7122.120579679966	-12786.23847925961
R_LAFor	-6429.572376356226	-11312.503836781536
M_cpd00055_c0	-9105.320834814816	-14265.865150599426
R_GLYPs	-8709.343752894249	-13645.463546319044
R_rxn00149_LSQBKT_c0_RSQBKT_	-7065.488454068854	-12817.619471080412
R_rxn00150_LSQBKT_c0_RSQBKT_	-7012.454282626088	-12846.710899451231
M_cpd15573_c0	-12745.699332502863	-13270.53685897583
R_rxn09249_LSQBKT_c0_RSQBKT_	-12233.100555000032	-12736.830485299626
M_cpd15565_c0	-11723.272581699917	-12206.009010940594
R_rxn11751_LSQBKT_c0_RSQBKT_	-11213.444608399803	-11675.18753658156
M_cpd16442_c0	-10700.84583089697	-11141.481162905358
R_rxn11752_LSQBKT_c0_RSQBKT_	-10105.446963133742	-10587.371613166843
M_cpd15563_c0	-9544.800411202572	-9999.988055508229
R_rxn11950_LSQBKT_c0_RSQBKT_	-8984.153859271402	-9412.604497849614
R_rxn11571_LSQBKT_c0_RSQBKT_	-12153.525271973442	-12812.783595437133
M_cpd03387_c0	-12662.789637843223	-13349.672602267454
R_rxn07210_LSQBKT_c0_RSQBKT_	-13169.301223356953	-13883.659506358152
M_cpd03396_c0	-13678.565589226735	-14420.548513188474
M_cpd03396_e0	-14694.341540610245	-15491.424424109493
R_SELt	-14185.077174740463	-14954.535417279172
R_rxn01217_LSQBKT_c0_RSQBKT_	-3583.6043631654106	-15786.358787519743
M_cpd00207_c0	13799.139457159174	-6944.382927364593
R_rxn00915_LSQBKT_c0_RSQBKT_	13073.809237116886	-6579.362281519173
R_rxn00836_LSQBKT_c0_RSQBKT_	-6641.204763622466	-14762.985581773026
R_rxn13772_LSQBKT_c0_RSQBKT_	-2833.960701630846	14359.009810624548
M_cpd17039_c0	-2991.1878189938034	15155.6424948434
R_IPk	-3134.473615605366	15881.637798195557
R_rxn11998_LSQBKT_c0_RSQBKT_	-5134.169485618599	-16897.215856256997
M_cpd02797_c0	-4920.197303205494	-16193.00572770631
R_rxn03114_LSQBKT_c0_RSQBKT_	-4638.269107350113	-15509.28121119098
M_cpd02824_c0	-4468.298357958771	-14787.664243695248
R_rxn14345_LSQBKT_c0_RSQBKT_	-3770.941431236633	-14141.870340311532
M_cpd18042_c0	-3533.2008889789827	-13364.859426051518
R_ARCSs	841.7161959914409	-14611.776409643206
M_ARCHLS_c0	6306.212316008567	-12301.81540364762
R_CDPDGGR	-1942.9079646383436	-12866.128113808943
R_ASDGGR	6575.494750444648	-11228.312998259127
M_cpd11640_e0	-40.430834118736854	1503.456466829839
R_rxn10542_LSQBKT_c0_RSQBKT_	-327.962883144009	12195.591020827153
M_cpd01024_e0	11795.03242442495	-9975.866584250418
R_rxn10471_LSQBKT_c0_RSQBKT_	11175.044961411417	-9451.500733239844
